id,domain,status,purchase_price,renewal_price,attractiveness,demand,length,registrar,created_at,expires_at,status_verified_at
de1eed11-d4e1-4131-9d10-df34aef6b0bb,want.courses,available,49.99,,high,low,4,name.com,,,
6e1389a8-e6a1-4b05-8c0c-6e4891cb9f54,potato.courses,available,2.19,38.99,high,low,6,namesilo,,,
15158030-6b83-42e1-88f3-4cf8b481b2db,plentiful.courses,available,2.19,38.99,high,low,9,namesilo,,,
b482eb19-93ff-4b4c-bcde-e32cde1d4b12,talk.courses,available,1.98,50.98,high,low,4,namecheap,,,24/09/2026 15:25
d3948ec0-4982-411e-966c-98b06a9e9e0e,coffeeman.courses,available,2.19,38.99,high,low,9,namesilo,,,
84ee1975-ede5-4f79-acf6-f81df22d8a33,saucepan.courses,available,2.19,38.99,high,low,8,namesilo,,,
c55da58c-c73b-4095-8d66-6408f7ebeb5d,swiftly.courses,available,49.99,,high,low,7,name.com,,,
6168d365-2365-464b-8646-132645892b60,endorse.courses,available,1.98,50.98,high,low,7,namecheap,,,08/09/2026 09:45
5db41b45-d61b-4c78-9f9f-7d08a8e78b7c,lottery.courses,available,2.19,38.99,high,low,7,namesilo,,,
cdc03ce4-ddb9-4d42-b424-4b94ab752a85,provisions.courses,available,1.98,50.98,high,low,10,namecheap,,,08/09/2026 08:15
ec3f901d-9d2f-4823-a473-950b390d4b44,believe.courses,available,43.99,,high,low,7,name.com,,,
8576d31d-6fe1-48b3-8e13-57f65a451149,she.courses,premium,625,,high,low,3,name.com,,,
eaf254c5-9bbf-4cf3-a1fa-bb8cac672ad9,los.courses,premium,625,,high,low,3,name.com,,,
9618c976-7724-47d6-8763-b1f58c22c6e3,shakespeare.courses,premium,242,242,high,low,11,namesilo,,,
fd7c44e6-ac00-41f2-99a8-d4d27c16afda,lp.courses,premium,1107,1107,high,low,3,namesilo,,,
4746031e-bf3a-43c9-be4c-ab1d65c927f1,absence.courses,available,2.19,38.99,high,low,7,namesilo,,,
ece76389-14e5-47d4-9da7-33c36c27edc8,keys.courses,available,,,high,medium,4,,,,
e7cc276d-05e4-48a5-acb2-bad7fbd004f9,acne.courses,available,2.19,38.99,high,low,4,namesilo,,,
eb205430-0383-4410-8040-cc5f4bdee178,aberdonian.courses,available,1.98,50.98,medium,low,10,namecheap,,,
7d51e3e9-3a58-4e97-91ba-c236a98dbf78,kidney.courses,available,2.19,38.99,high,low,6,namesilo,,,
d4b1aa6e-2bd2-40f1-b45c-d99f05326f9c,acoustical.courses,available,1.98,50.98,medium,low,10,namecheap,,,
3acb5a41-1422-4383-a22c-866824528501,batrachian.courses,available,1.98,50.98,medium,low,10,namecheap,,,05/08/2026 20:53
dec96ee9-6372-4806-bdcc-da379903f336,eat.courses,premium,625,,high,low,3,name.com,,,
0b747873-8320-40bc-ad64-4d8399511976,sunbelt.courses,available,49.99,,high,low,7,name.com,,,
06449f9f-bb9d-4856-9840-7f9ee6588c50,basement.courses,available,2.19,38.99,high,low,8,namesilo,,,
a2c91421-3ace-4784-bfe1-b2ff2b5d7f0a,mini.courses,premium,1107,1107,high,medium,4,namesilo,,,
cbaa5f39-f39f-4ad6-b7b1-8e80dba689ed,wine.courses,premium,242,242,high,low,4,namesilo,,,
252e5f8d-c20f-4b12-940c-09763eb2296e,shorts.courses,available,49.99,,high,low,6,name.com,,,
b50f8625-d806-4309-9741-e348ef7219bb,mike.courses,available,49.99,,high,medium,4,name.com,,,
f693c003-4c32-4d8f-a0ec-b6094f462451,covenant.courses,available,2.19,38.99,high,low,8,namesilo,,,
70783a61-b9e6-404f-974a-ccd692f4d82b,attachment.courses,available,2.19,38.99,high,low,10,namesilo,,,
96002705-84e9-445c-926a-e32e88305e81,successful.courses,available,2.19,38.99,high,low,10,namesilo,,,
e8052bd2-0640-45cf-8359-27071b60677d,vague.courses,available,2.19,38.99,high,low,5,namesilo,,,
e71e834f-523f-4f65-919d-cc21c9f1f92a,tradition.courses,available,2.19,38.99,high,low,9,namesilo,,,
2107894b-ddb7-4857-94b4-3bce8407d2ba,bang.courses,premium,242,242,high,low,4,namesilo,,,
97c79297-8483-495a-b91d-888a5e0eb123,scurrilous.courses,available,1.98,50.98,medium,low,10,namecheap,,,
26901c84-c526-4133-aaa9-886b9dbb8fbb,pending.courses,available,2.19,38.99,high,low,7,namesilo,,,
daeb2154-6148-4c90-9b7c-04f9d63560d7,remington.courses,available,2.19,38.99,high,low,9,namesilo,,,
32998a2b-2c93-4a61-9538-155749ec81cf,diving.courses,available,,,high,low,6,,,,
0baf8ad7-53f5-4492-b344-c0c88200c9f4,awarding.courses,available,2.19,38.99,high,low,8,namesilo,,,
34949cad-e7db-48b8-9a4e-0480fb6b23d5,condense.courses,available,2.19,38.99,high,low,8,namesilo,,,
14827f58-5f22-406f-a55c-4ea0d99c90f8,although.courses,available,2.19,38.99,medium,low,8,namesilo,,,
57d246e5-785b-477e-9399-2675bd15b080,bowed.courses,available,1.98,50.98,high,low,5,namecheap,,,06/08/2026 14:55
03ef2cb1-14d2-44db-9b20-8e6381a7f803,pretending.courses,available,2.19,38.99,high,low,10,namesilo,,,
d1da5ff6-12f1-4159-a275-253d52179cd2,abject.courses,available,1.98,50.98,high,low,6,namecheap,,,
cd811e40-f18e-4323-8696-a7a6c9cf9d65,standardize.courses,available,2.19,38.99,high,low,11,namesilo,,,
3593f21c-d1e4-4959-b9e5-c5cfed1749e8,philly.courses,available,2.19,38.99,high,low,6,namesilo,,,
14ebf82e-18f7-495f-8dc6-c6cdfaec6948,batwing.courses,available,1.98,50.98,medium,low,7,namecheap,,,09/08/2026 01:49
b141e595-397f-4ca0-be59-06e4c0d39d37,bra.courses,premium,625,,high,low,3,name.com,,,
354cebbd-afdf-4b34-934c-3fb7a5a4c641,everbody.courses,available,2.19,38.99,medium,low,8,namesilo,,,
30979cc1-06c6-4ed6-b402-325c1c81ba46,syndrome.courses,available,49.99,,high,low,8,name.com,,,
159c99f2-b87c-4bcc-a16e-f612168db94f,primary.courses,premium,6250,,high,low,7,name.com,,,
7076dc0b-48e0-4b5a-a3db-60ab4c6ff224,generally.courses,available,2.19,38.99,high,low,9,namesilo,,,
9795e50a-9dfc-41d3-9409-852787966935,amebous.courses,available,1.98,50.98,medium,low,7,namecheap,,,
a42562a0-b79b-4b2f-863c-6ca1df229e0c,hans.courses,available,2.19,38.99,high,low,4,namesilo,,,
6e0f4630-eed8-4d37-b71b-d9317bd5ee38,limo.courses,premium,116,116,high,low,4,namesilo,,,
c656b9b5-b5d3-4ee7-9cfc-2ea5ce54dfc0,axenic.courses,available,1.98,50.98,medium,low,6,namecheap,,,08/08/2026 01:51
7ab10060-6126-4587-afd1-0fd7b7565566,shrek.courses,available,49.99,,high,medium,5,name.com,,,
2d1fda50-2221-487b-991f-c2bb3c624ba8,decay.courses,available,49.99,,high,low,5,name.com,,,
2e5f85f3-1b29-4bd0-abaa-4cf7f0f28b43,charleston.courses,premium,116,116,high,low,10,namesilo,,,
09bbf736-85c1-4c1c-9b4d-18c28a1ff4eb,thank.courses,available,2.19,38.99,high,low,5,namesilo,,,
7304f9db-5187-4878-93e4-4b634dc39a80,restaurant.courses,premium,116,116,high,low,10,namesilo,,,
de6220f5-d484-45ee-9901-5ca7fab0d62e,offstage.courses,available,1.98,50.98,high,low,8,namecheap,,,08/08/2026 06:14
95e09540-910a-4735-88ea-0fff8e430b45,untrustworthy.courses,available,2.19,38.99,medium,low,13,namesilo,,,
3f00ca1c-fce7-4957-bcc8-83743404f1a8,almighty.courses,available,1.98,50.98,high,low,8,namecheap,,,
c568d83a-b34d-45c7-892a-0807170e0e9c,fitness.courses,available,,,high,low,7,,,,
eec20ae5-d7fb-4653-8d93-f95d8f117658,astound.courses,available,2.19,38.99,high,low,7,namesilo,,,
787fb780-9bdd-431b-9857-e983413d4f5f,gusto.courses,available,2.19,38.99,high,low,5,namesilo,,,
439acce2-e600-4836-a97d-dc7025c297d0,victim.courses,available,2.19,38.99,high,low,6,namesilo,,,
1bfa7aad-8c2f-4aae-907c-dad1bd818743,abenaki.courses,available,1.98,50.98,high,low,7,namecheap,,,
e114f3f4-a22d-4800-abb7-96625faed309,gotten.courses,available,2.19,38.99,high,low,6,namesilo,,,
0ecb4984-a32b-4790-8c6e-c92d67da10a6,whopping.courses,available,1.98,50.98,high,low,8,namecheap,,,08/08/2026 13:14
ec2392cf-ef48-4c6d-bc81-961da4ad177c,graphics.courses,available,2.19,38.99,high,low,8,namesilo,,,
b1b10b42-2c5e-4abd-aff4-deace22db5bd,matisse.courses,available,2.19,38.99,high,low,7,namesilo,,,
60db4496-bc98-4abb-94ba-232a02ee1b9a,index.courses,premium,116,116,high,medium,5,namesilo,,,
10657c4d-a71a-446f-834e-b01edbdad228,broadly.courses,available,2.19,38.99,high,low,7,namesilo,,,
5f1e104e-5365-4ba6-961c-55ee60b636c8,plus.courses,premium,625,,high,low,4,name.com,,,
7bc96601-9070-432d-a327-643a68e5dede,brush.courses,available,2.19,38.99,high,low,5,namesilo,,,
66892312-35a1-4cd8-96ce-2bd5cf12b8c7,float.courses,available,2.19,38.99,high,low,5,namesilo,,,
8926f1b0-41d0-41a6-9fb8-8ac13d2df648,water.courses,available,44.98,,high,medium,5,namecheap,,,
906d27a5-f807-4d2c-be10-2883a03588a4,covid.courses,available,2.19,38.99,high,low,5,namesilo,,,
6b48b6fd-6e6c-49d9-b8f9-132291fa5705,believable.courses,available,1.98,50.98,high,low,10,namecheap,,,09/08/2026 13:01
bc82df7f-ecbf-41b2-81b0-6444276e2057,trumpian.courses,available,2.19,38.99,medium,low,8,namesilo,,,
40e40589-68b4-4a1a-9205-da63c820158d,sunset.courses,available,2.19,38.99,high,low,6,namesilo,,,
cdb0fac4-1363-4c92-8aad-d95f10d10064,rising.courses,available,1.98,50.98,high,low,6,namecheap,,,
6ea89b54-9ff2-4d3f-81f0-188d8d457188,groovy.courses,available,1.98,50.98,high,low,6,namecheap,,,08/08/2026 12:35
71b6a7f3-a487-4b2e-ac01-dbfe94febb32,mid.courses,premium,625,,high,low,3,name.com,,,
b2ca44ea-41e0-4766-9751-f8c78505ca61,abrasive.courses,available,1.98,50.98,high,low,8,namecheap,,,
81d6b167-0bb1-4540-8cdf-fcee3d367c69,teacher.courses,premium,625,,high,low,7,name.com,,,
7f98b377-6801-43d3-ae83-e64b273ddbc6,japan.courses,available,,,high,low,5,,,,
c80e60b3-2496-4336-a59c-65808419bcd9,adipose.courses,available,1.98,50.98,high,low,7,namecheap,,,
6658f3e9-894a-40e0-90c1-402c4d3489df,jacobs.courses,available,2.19,38.99,high,low,6,namesilo,,,
5ebd6868-706b-41cb-8ad3-bd7b758da739,diminished.courses,available,1.98,50.98,medium,low,10,namecheap,,,07/08/2026 15:00
18314d92-f656-4b8c-8c8d-90b0469ce54e,ringed.courses,available,1.98,50.98,high,low,6,namecheap,,,
a1298518-26ad-4048-845f-914d316354f7,movies.courses,available,2.19,38.99,high,low,6,namesilo,,,
de26d044-d776-492f-b441-0dd95dc0f23b,affirm.courses,available,,,high,low,6,,,,
0e87157e-2d23-4be4-9092-918b49a952ca,twitter.courses,premium,625,,high,low,7,name.com,,,
69cfc1a1-2ee7-4368-9aa4-77a76b3c09e4,provide.courses,available,2.19,38.99,high,low,7,namesilo,,,
bf2a502d-52d4-4e15-bd43-58b3f4105da1,now.courses,premium,625,,high,medium,3,name.com,,,
b643a4de-c810-4544-9cc4-acc69986199b,centesimal.courses,available,1.98,50.98,high,low,10,namecheap,,,
dbb932ec-2e8e-4cbc-ab9b-32aa02ee8339,triangle.courses,available,2.19,38.99,high,low,8,namesilo,,,
7feb7995-458b-4a8e-a75c-787862b180dd,algonquin.courses,available,1.98,50.98,high,low,9,namecheap,,,
486d2093-7891-4004-888f-fbda8ad88f61,lapse.courses,available,49.99,,high,low,5,name.com,,,
e747b2d0-0570-41aa-b3fc-b1fa50d8228f,colors.courses,available,2.19,38.99,high,low,6,namesilo,,,
2fcc0fcd-f44e-427c-8275-874a5223904c,non.courses,premium,625,,high,low,3,name.com,,,
a1bfd197-7155-49fd-beeb-d2edd0538345,alarming.courses,available,1.98,50.98,medium,low,8,namecheap,,,
ab50a1e8-5a29-4c7d-801f-97f2c1ea85d7,sloppy.courses,available,1.98,50.98,high,low,6,namecheap,,,08/08/2026 08:22
4586a681-bdd1-4e6a-83be-a40d4d6a0e5e,ones.courses,available,2.19,38.99,high,low,4,namesilo,,,
ee29abb0-b11d-4ae2-b913-997edf9c67bc,watermelon.courses,available,2.19,38.99,high,low,10,namesilo,,,
4be38abd-834e-47f7-88be-9b42813da62b,surprisingly.courses,available,2.19,38.99,high,low,12,namesilo,,,
761b1df3-5be0-4c8a-ba7a-40dce424a7c4,they.courses,premium,242,242,high,low,4,namesilo,,,
a54dddfd-86e0-4c20-abb7-b8a617b5c8ef,connect.courses,premium,625,625,high,medium,7,name.com,,,07/08/2026 07:16
96b8c976-f324-483a-a3e3-890f3aa84e6a,atrial.courses,available,1.98,50.98,low,low,6,namecheap,,,07/08/2026 14:24
066eff6d-1a27-4769-aad8-3baab648c314,acquired.courses,available,1.98,50.98,high,low,8,namecheap,,,
8f94a529-3d06-4385-a179-c25c43791dbc,strain.courses,available,2.19,38.99,medium,low,6,namesilo,,,
f89631e5-4e0f-4031-b94a-ddf0676f6bfc,acarpous.courses,available,1.98,50.98,medium,low,8,namecheap,,,
62455a5e-c150-47a8-8605-f95dda1be1c8,exec.courses,available,2.19,38.99,high,low,4,namesilo,,,
4f98d1f8-53ef-49c6-9da0-61a75c53308b,stereotype.courses,available,49.99,,high,low,10,name.com,,,
350d2259-c0a1-4334-a24d-cd75da0fa7f6,kiss.courses,available,2.19,38.99,high,low,4,namesilo,,,
9014b046-1a09-4ea2-b77a-bb84a79d68ea,poolside.courses,available,2.19,38.99,high,low,8,namesilo,,,
24603e6e-cea6-4c23-8ace-8de090ddb00a,pulled.courses,available,2.19,38.99,high,low,6,namesilo,,,
ce0a414b-a63b-4f2c-8f47-a4b484d593e0,but.courses,premium,625,,high,low,3,name.com,,,
eb0941ec-8fb4-4694-be44-bb58b20e310e,promising.courses,available,2.19,38.99,high,low,9,namesilo,,,
c57c14ed-65a6-4696-aaec-40297c99c987,bum.courses,premium,625,625,high,low,3,name.com,,,09/08/2026 10:49
d7f06765-7d49-4179-87cc-b9d2e93b9161,matrix.courses,available,49.99,,high,medium,6,name.com,,,
69908be5-ddfe-4818-afa9-4cf19f0125bb,xlii.courses,available,1.98,50.98,high,low,4,namecheap,,,
bf5ee9e9-c373-4a07-9d1b-968666ace89c,aguish.courses,available,1.98,50.98,medium,low,6,namecheap,,,
e0789f15-c50c-4be0-a2d4-58c2b1088a36,dendroid.courses,available,1.98,50.98,medium,low,8,namecheap,,,06/08/2026 13:50
9cd14d2d-6d69-4871-9510-e0b58fdac683,regulate.courses,available,2.19,38.99,high,low,8,namesilo,,,
37cbbb6b-36a1-43f4-9bde-8334da43edd0,touching.courses,available,1.98,50.98,high,low,8,namecheap,,,
2623af68-c6f4-4fff-bc75-a4e15b4bb6c6,spine.courses,available,2.19,38.99,high,low,5,namesilo,,,
8590d112-f972-4683-941f-b048587f8079,way.courses,premium,125,,high,low,3,name.com,,,
61bc17c4-84aa-48f3-99f2-a2f749bc4037,volvo.courses,available,2.19,38.99,high,low,5,namesilo,,,
4c02033f-a0af-410c-a2c4-684aa150197d,height.courses,available,2.19,38.99,high,low,6,namesilo,,,
b2065c9a-f42e-4827-bb4f-96792b64a5b5,barometric.courses,available,1.98,50.98,medium,low,10,namecheap,,,08/08/2026 20:06
76a26fa0-feee-4c44-a6f7-63f36980ccc1,salad.courses,available,2.19,38.99,high,low,5,namesilo,,,
0b6e1cae-197a-4f79-97ca-ae953cb48e07,condolence.courses,available,2.19,38.99,high,low,10,namesilo,,,
7afd6b68-e37a-499c-935b-4405503c35fb,lawless.courses,available,1.98,50.98,medium,low,7,namecheap,,,
321247ef-7176-442a-891f-4cfb1e6f5858,apodous.courses,available,1.98,50.98,medium,low,7,namecheap,,,06/08/2026 01:21
c9dfe50a-e17e-4e52-8ffd-f7d1cb6193d0,intriguing.courses,available,2.19,38.99,high,low,10,namesilo,,,
2b26cffa-29f9-4bff-bedb-bc5e18ceb08f,labor.courses,available,49.99,,high,low,5,name.com,,,
1df481e5-c062-4500-955e-59b0e61300e9,execrable.courses,available,1.98,50.98,medium,low,9,namecheap,,,
ba4fd54b-5425-4826-ae06-ac0c9fb64a70,military.courses,premium,242,242,high,low,8,namesilo,,,
cd2e0ef9-1ac7-4ec7-a2f9-509876d8a071,awhile.courses,available,2.19,38.99,medium,low,6,namesilo,,,
3037e178-f434-4b50-814e-af337610053c,souls.courses,available,2.19,38.99,high,low,5,namesilo,,,
fa7b9b25-7cad-466c-98e6-a15c87fa6789,glittery.courses,available,1.98,50.98,high,low,8,namecheap,,,
04e108f6-76b9-43c4-8b0f-b024e333af8e,beige.courses,available,1.98,50.98,high,low,5,namecheap,,,09/08/2026 12:22
4f65be43-7e16-4961-a5b8-d6e5967956b6,twoscore.courses,available,1.98,50.98,medium,low,8,namecheap,,,
4d9fa810-b42f-4909-a753-76e40395408c,attender.courses,available,1.98,50.98,medium,low,8,namecheap,,,07/08/2026 15:17
5cc345e0-c21f-4e4a-bf2a-c700b42a72e5,gene.courses,available,,,high,low,4,,,,
2a30b314-d9ac-4448-87b6-883bbbb4845b,grubby.courses,available,1.98,50.98,medium,low,6,namecheap,,,09/08/2026 09:31
7a9ac214-5fd3-4e92-bdd2-1b78e6545dbc,psychology.courses,premium,6250,,high,low,10,name.com,,,
1b9fe305-6750-43d6-a349-17df77581ac2,pinch.courses,available,2.19,38.99,high,low,5,namesilo,,,
cbde1af1-6bdc-497f-9845-89274529f6c5,revenue.courses,available,43.99,,high,low,7,name.com,,,
29c86096-7ba7-4aab-a8ce-97725585309f,allowable.courses,available,1.98,50.98,high,low,9,namecheap,,,
91fc4057-e39d-4394-9531-0404e07512f9,mazed.courses,available,1.98,50.98,medium,low,5,namecheap,,,07/08/2026 12:07
a3a855df-39c2-4782-a358-5ee7901e6922,difference.courses,available,2.19,38.99,high,low,10,namesilo,,,
5d134779-c900-4382-9b6b-ff22a4c66089,normally.courses,available,2.19,38.99,high,low,8,namesilo,,,
e829dcab-e202-4402-ad5f-81d3e9079e2c,hungry.courses,premium,116,116,high,low,6,namesilo,,,
7c60d27e-1221-4c85-8151-1fabfc8946d2,salt.courses,available,49.99,,high,low,4,name.com,,,
190a2b15-0918-48cd-bce9-4f8f54b52d54,clxx.courses,available,1.98,50.98,medium,low,4,namecheap,,,
d34d19cc-d7af-49d8-a2d1-6ecc9e9a1571,valid.courses,available,2.19,38.99,high,low,5,namesilo,,,
11cd36f5-ba34-4909-9c21-5b91a5fde586,momentum.courses,available,49.99,,high,medium,8,name.com,,,
bbe66654-4f2d-4efe-9a28-7aa2b026e839,belittling.courses,available,1.98,50.98,medium,low,10,namecheap,,,09/08/2026 13:10
4b08519c-65e9-4b26-be50-10b0e8629660,madison.courses,premium,242,242,high,low,7,namesilo,,,08/09/2026 13:09
30861d97-f482-4e4c-9f0a-7d82c86dc2f4,negotiable.courses,available,1.98,50.98,high,low,10,namecheap,,,07/08/2026 06:30
5526cbcb-6997-4112-a6bc-6cfb373e856c,dining.courses,available,2.19,38.99,high,low,6,namesilo,,,
fc6d7fe2-7c75-4523-8ff1-a88c637a30f1,mosquito.courses,available,49.99,,medium,low,8,name.com,,,
de3ed437-12b8-4437-bf82-2830954e21ef,grabby.courses,available,1.98,50.98,medium,low,6,namecheap,,,07/08/2026 21:58
d59a3035-5638-46fd-a146-c45f7f0ba7a7,inconsistent.courses,available,2.19,38.99,medium,low,12,namesilo,,,
8896039d-48c4-438e-a17d-ae4b5c9dd7ea,consulting.courses,available,2.19,38.99,high,low,10,namesilo,,,
2f970f8c-0348-477f-8308-967b342374b4,merit.courses,available,2.19,38.99,high,low,5,namesilo,,,
80730c28-b18d-46e7-806a-be736033a7c3,pricing.courses,premium,116,116,high,low,7,namesilo,,,
8d4787f8-c485-4fc3-82a4-2795392f27da,altered.courses,available,1.98,50.98,high,low,7,namecheap,,,
85e9d418-a6e0-4250-9884-fe3578d92ded,rheumatic.courses,available,1.98,50.98,medium,low,9,namecheap,,,06/08/2026 23:05
6fb73df4-44aa-4a4f-bf0f-e4239b101261,messy.courses,premium,116,116,high,low,5,namesilo,,,
72172816-0cf6-4983-b1fd-ff5cd5da63fe,termination.courses,available,1.98,50.98,high,low,11,namecheap,,,04/09/2026 07:49
393cb361-390c-46b5-bf6d-f44fb08c4cad,nash.courses,available,2.19,38.99,high,low,4,namesilo,,,
6a9cd4ee-8505-4502-a928-72703f895d73,sip.courses,premium,625,,high,low,3,name.com,,,
07c78b22-767d-4d78-8a83-08d524e80743,applaud.courses,available,2.19,38.99,high,low,7,namesilo,,,
b0fa5d83-d02c-4747-ae5c-c8aa624454b5,violated.courses,available,2.19,38.99,medium,low,8,namesilo,,,
e5252e43-cf42-4349-8799-29cfaf672fc2,anagram.courses,available,2.19,38.99,high,low,7,namesilo,,,
13c9990f-4a36-4ae8-97bf-f9128c4acf18,seoul.courses,premium,1107,1107,high,low,5,namesilo,,,
9245ebc4-31fe-4219-b889-c00edad1c4d9,ambulant.courses,available,1.98,50.98,high,low,8,namecheap,,,
e9a71933-f924-464e-a1c5-50692306b59e,jewel.courses,available,2.19,38.99,high,low,5,namesilo,,,
b27b4ff3-2817-47dd-bf04-099a0aea5d5d,derriere.courses,available,1.98,50.98,low,low,8,namecheap,,,09/08/2026 11:55
528a7c62-66ec-48d5-955f-93dd74472d83,approving.courses,available,1.98,50.98,high,low,9,namecheap,,,06/08/2026 08:49
62c66ff7-5be5-45f4-941d-e7c24616c420,power.courses,premium,116,116,high,medium,5,namesilo,,,08/09/2026 07:25
33afc560-dd78-4030-afb4-9faf5f55ecc3,unpaid.courses,available,1.98,50.98,high,low,6,namecheap,,,
c01a78a0-1d18-471e-805c-733bf5261662,apneic.courses,available,1.98,50.98,medium,low,6,namecheap,,,06/08/2026 00:40
017de81e-09c6-44a3-a409-8df7705b87a0,cocktail.courses,available,2.19,38.99,high,low,8,namesilo,,,
8d853358-3a98-4fdb-8cda-666d9030caad,aug.courses,premium,625,625,high,low,3,name.com,,,07/08/2026 17:10
4907b847-6a0f-4638-836e-c74ea4fcdb00,modeller.courses,available,49.99,,high,low,8,name.com,,,
9a754a57-bd29-4776-9492-e0670e2ffd2b,expire.courses,available,49.99,,high,low,6,name.com,,,
e0c9f42c-39ed-48f3-8d4d-2f649926c87b,arum.courses,available,1.98,50.98,medium,low,4,namecheap,,,06/08/2026 20:20
738e72dd-a8ef-4ae3-a50c-ddfa7e258928,eyewitness.courses,available,2.19,38.99,high,low,10,namesilo,,,
0ce1e6df-495e-462e-8bbc-e8b5459121e0,palliative.courses,available,1.98,50.98,high,low,10,namecheap,,,
d0e04918-02e8-41fa-92ec-a8d91c0f8f66,visitor.courses,available,2.19,38.99,high,low,7,namesilo,,,
32d39ace-7739-4b4c-9d5e-30151db812f9,ancillary.courses,available,1.98,50.98,high,low,9,namecheap,,,
f9b132fd-83d3-4862-ab1a-e95816172cb4,yawn.courses,available,2.19,38.99,high,low,4,namesilo,,,
7a640509-4394-4246-844b-24ba8f2c7ac4,carsick.courses,available,1.98,50.98,medium,low,7,namecheap,,,
0f7276d4-a70c-40cd-8829-612b06a3da55,agamic.courses,available,1.98,50.98,medium,low,6,namecheap,,,
c48c74cc-489c-4c2c-818b-168ff82ca2be,stops.courses,available,49.99,,high,low,5,name.com,,,
ee7d5a47-d616-4729-b53a-970798129182,requested.courses,available,2.19,38.99,high,low,9,namesilo,,,
766e88da-d3c7-4df6-a7c8-153466c0cfb9,fifteenth.courses,available,1.98,50.98,high,low,9,namecheap,,,
a9d630c4-7bb8-4352-8337-3038a6af7815,supper.courses,available,49.99,,high,low,6,name.com,,,
ab1a743b-e5a2-4454-a1b0-79bf4f1a8802,aeriform.courses,available,1.98,50.98,medium,low,8,namecheap,,,
6d430bec-11b8-4191-91ad-7004cad5d4ea,stygian.courses,available,1.98,50.98,medium,low,7,namecheap,,,
5543f06a-839e-4004-bd70-967c25caf411,alaskan.courses,available,1.98,50.98,high,low,7,namecheap,,,
8acf90ac-ea3d-4f4c-b7fe-ef9743fbc06a,next.courses,premium,625,625,high,high,4,name.com,,,
08172362-c846-4d48-a427-b6167b4b9965,wound.courses,available,2.19,38.99,high,low,5,namesilo,,,
ba8ad3b4-51a6-4b48-bebf-46851ffc1548,budget.courses,available,43.99,,high,low,6,name.com,,,
30fac2fd-fafd-4564-a532-cc8d7caf21df,prominent.courses,available,2.19,38.99,high,low,9,namesilo,,,
cb06668b-c750-432d-8108-da153fa9c1e5,sestet.courses,available,1.98,50.98,medium,low,6,namecheap,,,
3159b56b-28ed-4ecb-8716-df82808e7f9e,luxury.courses,premium,242,242,high,low,6,namesilo,,,
9d340aba-d31e-4c36-9e0d-76fba3887c74,possible.courses,premium,116,116,high,low,8,namesilo,,,
a14b4c22-75db-41e4-8180-046784f3ffaf,allocate.courses,available,2.19,38.99,high,low,8,namesilo,,,
a19b5fc3-9902-438f-9ea0-717b2080bbe3,anniversary.courses,available,2.19,38.99,high,low,11,namesilo,,,
9c6aa50f-12f8-481c-b55f-0ffa8b92ecef,bash.courses,available,2.19,38.99,high,low,4,namesilo,,,
31475660-0497-4f19-92d8-f45cef591af6,buck.courses,available,2.19,38.99,high,low,4,namesilo,,,
0cce00e6-1881-4cfc-889c-3f283916209a,ancestor.courses,available,1.98,50.98,high,low,8,namecheap,,,
c8f2e11d-28dc-4953-a6ff-7dc4e7174e0e,secondary.courses,premium,6250,,high,low,9,name.com,,,
fb47e878-7a90-4be6-9fd3-1dbe1220cc10,monopoly.courses,available,49.99,,high,low,8,name.com,,,
ba240dbc-3e67-4aa7-8828-4697e541c8ed,zen.courses,premium,625,,high,medium,3,name.com,,,
27fa1376-3bb6-47b5-8f40-8b54454d65f4,polo.courses,available,,,high,low,4,,,,
8ebc95d2-97f1-4162-810a-184e471f6793,pregnant.courses,available,2.19,38.99,high,low,8,namesilo,,,
1dd99966-c13b-49cc-8003-d0929bf85736,driver.courses,premium,242,242,high,low,6,namesilo,,,
f9f4ebcc-abd4-4141-bf63-12464fef889d,bags.courses,available,,,high,low,4,,,,
90454e04-4042-4dc8-8916-5eb407c1c7fa,rough.courses,premium,116,116,high,low,5,namesilo,,,06/08/2026 09:39
3805e96e-3e15-4bbe-8e63-0057d6b3033c,moving.courses,premium,242,242,high,low,6,namesilo,,,
18da5c75-c6fa-48cf-8477-ba7b70201c31,antidotal.courses,available,1.98,50.98,medium,low,9,namecheap,,,
edb452a5-e6e2-4d6e-b34d-c9b6d8704c85,asunder.courses,available,1.98,50.98,medium,low,7,namecheap,,,07/08/2026 10:20
11280bd0-228c-4008-8cef-fb6f1b43bc1e,dizzy.courses,available,1.98,50.98,high,low,5,namecheap,,,
d826a90d-457f-465c-8f57-948a5312895a,attempt.courses,available,2.19,38.99,high,low,7,namesilo,,,
4e71317d-3dbe-4ba1-b4e2-f83d9cf7fb7a,woody.courses,available,1.98,50.98,high,low,5,namecheap,,,06/08/2026 13:08
b134e755-c865-428b-972a-30cbeeb2e04e,postoffice.courses,available,2.19,38.99,high,low,11,namesilo,,,
001f8d52-220f-4ad4-823e-e041c5c9a977,pasta.courses,available,2.19,38.99,high,low,5,namesilo,,,
f8ca84f5-aae2-4805-8f4a-a6f9b622d001,cotton.courses,available,2.19,38.99,high,low,6,namesilo,,,
5a2ea30d-6964-4ea8-a7c4-fd63d364bda7,anybody.courses,available,49.99,,medium,low,7,name.com,,,
0b33415b-fb2d-4c28-b8df-2f6368cd9dc4,motley.courses,available,1.98,50.98,medium,low,6,namecheap,,,07/08/2026 07:29
5a091432-d71a-4be8-bfa1-9cd8fd528fad,sneeze.courses,available,2.19,38.99,high,low,6,namesilo,,,
67a5befe-ec36-4944-ae4f-3eb706cc80f3,recent.courses,available,2.19,38.99,high,low,6,namesilo,,,
ac14acf0-e31f-4649-958b-0f5ead4892e8,fla.courses,premium,625,,high,low,3,name.com,,,
c402e00e-b2d5-4b23-adc9-e85652efa1b9,msg.courses,premium,625,,high,low,3,name.com,,,
c0c40b98-a2f3-4160-8469-eded30fadfb0,sparkly.courses,available,1.98,50.98,high,low,7,namecheap,,,
1e8b002e-4301-4f35-91fb-80ddb593cdda,xxviii.courses,available,1.98,50.98,medium,low,6,namecheap,,,
340be4ea-e340-48b0-9279-1d8e85a2cb17,foul.courses,available,1.98,50.98,high,low,4,namecheap,,,
24f08f37-fd32-4067-a65b-4d1b3c44c77c,background.courses,available,2.19,38.99,high,low,10,namesilo,,,
bf944c99-98a3-460e-8811-79e6676fbd0c,music.courses,premium,6250,,high,medium,5,name.com,,,
db9c2e43-76b0-4f39-bf76-beee9af5607b,listed.courses,available,2.19,38.99,high,low,6,namesilo,,,
4e074a93-3dc8-4811-8344-2ce60c6a8342,philippines.courses,available,,,high,low,11,,,,
d9f3912c-bd58-4679-9d91-f8136de2dbad,ahuh.courses,available,2.19,38.99,high,low,4,namesilo,,,
3797b9d0-dcf6-4d66-baa9-3b33593cd5b5,altissimo.courses,available,1.98,50.98,medium,low,9,namecheap,,,
11e40b20-4650-4835-a195-149fb1d83126,ache.courses,available,1.98,50.98,high,low,4,namecheap,,,
90adca1a-75e8-4771-a159-b82801fa180c,rang.courses,available,2.19,38.99,medium,low,4,namesilo,,,
0e0af2e3-b1dc-4bdf-9b58-a7a5709c6500,expose.courses,available,2.19,38.99,high,low,6,namesilo,,,
3368248b-5447-480f-b060-f81980e008cc,come.courses,available,2.19,38.99,high,low,4,namesilo,,,
91cfb65b-8ed3-45db-bf24-8f23cdf2a804,squint.courses,available,1.98,50.98,high,low,6,namecheap,,,07/08/2026 03:15
63ae1646-846a-4153-840f-9bb7538efff2,inexpensive.courses,premium,116,116,high,low,11,namesilo,,,
3cf24d44-4e39-426c-8240-c7ffe3d3dce7,burry.courses,available,1.98,50.98,medium,low,5,namecheap,,,08/08/2026 17:29
ee7d56ed-3b6f-45e8-b259-480bf192b208,basket.courses,available,2.19,38.99,high,low,6,namesilo,,,
7f51dbaf-51da-42a2-bf7b-6796b29f3f65,aboral.courses,available,1.98,50.98,medium,low,6,namecheap,,,
c8d600de-cd24-41ea-b288-33b14129b400,vanquish.courses,available,1.98,50.98,high,low,8,namecheap,,,09/08/2026 05:32
037f3207-a07b-4f76-a531-32cfce1650cd,briefing.courses,available,2.19,38.99,high,low,8,namesilo,,,
f245121a-dd94-435f-a413-9095d882367d,souse.courses,available,1.98,50.98,medium,low,5,namecheap,,,
21841359-2f31-454d-99c1-0e7e4bbd7252,theirs.courses,available,49.99,,medium,low,6,name.com,,,
578b83c2-e6f1-47ae-860d-d5a9d64c70c5,restructure.courses,available,2.19,38.99,high,low,11,namesilo,,,
6e383c89-fef4-4d3c-abcb-fe3528a8028d,agential.courses,available,,,medium,low,8,,,,
c0000fba-45a9-4a17-8017-dc3cf017e555,badness.courses,available,1.98,50.98,medium,low,7,namecheap,,,08/08/2026 07:23
5130937c-c3e0-40ac-b76c-2e9c548e4589,citizen.courses,premium,116,116,high,low,7,namesilo,,,
2b8b489c-82d9-4e58-a867-492bc799564f,punch.courses,available,2.19,38.99,high,low,5,namesilo,,,
b9fa20fe-5cf2-4275-9308-08a240f0cb26,aid.courses,premium,625,,high,low,3,name.com,,,
96ce3560-6589-4405-bd7a-4830230a8c65,flaring.courses,available,1.98,50.98,high,low,7,namecheap,,,
3c348637-6bbe-469b-a3b2-6fe35ec27be4,nitric.courses,available,1.98,50.98,medium,low,6,namecheap,,,08/08/2026 02:58
e1afaf27-b517-44d6-aef0-8821c2e7229f,ascendable.courses,available,1.98,50.98,medium,low,10,namecheap,,,07/08/2026 00:35
63abffe5-6255-4f63-b81d-dfb46c392833,solvable.courses,available,2.19,38.99,high,low,8,namesilo,,,
55601bb0-bbf1-4c91-9694-5f3d3fa6978e,demo.courses,available,,,high,low,4,,,,
3735bb5a-280b-488a-9c65-cb670de0d825,dispose.courses,available,2.19,38.99,high,low,7,namesilo,,,
843693fa-ea66-485f-bb5a-4d313e23819b,acronymous.courses,available,1.98,50.98,medium,low,10,namecheap,,,
9adc0cc0-af41-4eb6-8d26-d2cfba200c0a,objects.courses,premium,125,,medium,low,7,name.com,,,
186a8399-c09e-470e-9793-bab99510fe35,carriage.courses,available,2.19,38.99,high,low,8,namesilo,,,
fbded0bb-f63c-4a30-932d-8e85f84828e3,surfboard.courses,available,49.99,,high,low,9,name.com,,,
f3436301-8ce8-4272-a913-2a0c0642c68f,stepson.courses,available,49.99,,high,low,7,name.com,,,
88dc2f7b-9017-4918-b7a8-48e5c58b1dce,would.courses,available,2.19,38.99,high,low,5,namesilo,,,
a7f33b7e-e239-4506-9635-55f442a50fd9,pilot.courses,premium,625,,high,low,5,name.com,,,
72aae424-c359-4d22-b776-0ef60465793c,djia.courses,available,2.19,38.99,high,low,4,namesilo,,,
6c477a76-014b-4ae2-85b2-3c718d558deb,ahorseback.courses,available,1.98,50.98,medium,low,10,namecheap,,,
830c6f58-a1dc-4c84-aeb2-b2f79fe2a4d8,experienced.courses,available,2.19,38.99,high,low,11,namesilo,,,
415a831c-f6b6-40cc-8b29-03c746a0528b,arco.courses,available,1.98,50.98,high,low,4,namecheap,,,06/08/2026 16:02
1d0f5a50-590d-496d-bdf5-3cbfd4ad7c83,allegretto.courses,available,1.98,50.98,high,low,10,namecheap,,,
830cd190-29bc-4c53-9f5b-f6448d90008f,finalize.courses,available,2.19,38.99,high,low,8,namesilo,,,
0454256b-0e1b-4dd8-9fd3-c48f4125816a,pompom.courses,available,1.98,50.98,high,low,7,namecheap,,,
5e1bfc26-4d57-4e23-98c0-ca4141265a8e,desktop.courses,available,2.19,38.99,high,low,7,namesilo,,,
9c6c243b-0945-4a41-a636-2002ff426c8f,legend.courses,available,2.19,38.99,high,low,6,namesilo,,,
d3f8695a-726f-4bb0-8ab8-4ad817c098f8,twine.courses,available,2.19,38.99,high,low,5,namesilo,,,
47161a6c-e2b0-46a2-a2d2-36cb15df33ed,ternion.courses,available,1.98,50.98,medium,low,7,namecheap,,,
e60702b1-5a67-44e8-a1fd-841bf6020ed2,phoebe.courses,available,1.98,50.98,medium,low,6,namecheap,,,
f6d12fce-336f-455d-bf98-5f15c5cc6c0f,toddler.courses,premium,242,242,high,low,7,namesilo,,,
83a5cb8c-62a6-4a53-a488-164af80af1b8,pleasure.courses,premium,116,116,high,low,8,namesilo,,,
26fe663b-5d98-445c-83cc-27ee56ede5ba,headline.courses,available,2.19,38.99,high,low,8,namesilo,,,
e3c873b8-2304-4ffd-9784-8e0223a354c4,informing.courses,available,2.19,38.99,high,low,9,namesilo,,,
a4935d09-eb19-4223-936e-7a9f06265cc8,adust.courses,available,1.98,50.98,medium,low,5,namecheap,,,
747f8253-6483-4b8c-8fc2-ce05a3a48b19,integrated.courses,available,2.19,38.99,high,low,10,namesilo,,,
a1c96821-10d4-460d-8109-71148a945529,tasking.courses,available,2.19,38.99,high,low,7,namesilo,,,
2d1fd9e3-f8a7-4db7-8504-1cd8f7d113ae,grandad.courses,available,49.99,,high,low,7,name.com,,,
8037c996-1de4-43a7-8387-5f3cf4198ef0,proclaim.courses,available,2.19,38.99,high,low,8,namesilo,,,
72668fb0-9f4b-4dbe-854c-ce7b772ac074,fasten.courses,available,2.19,38.99,high,low,6,namesilo,,,
bfbd068d-88ee-45e1-99f5-49b5a0fd5d16,incline.courses,available,2.19,38.99,high,low,7,namesilo,,,
4f938771-c789-41e1-9514-0f1b6dc47d0f,sentence.courses,available,2.19,38.99,high,low,8,namesilo,,,
f4cd815f-ddc4-4061-8d53-2c83c16e606f,exalt.courses,available,1.98,50.98,high,low,5,namecheap,,,
9a87c6d8-b7d6-47f1-a496-c5d0ff328035,monumental.courses,available,2.19,38.99,high,low,10,namesilo,,,
2d69571e-4682-4f54-8f70-cfb6ff5369a0,lorry.courses,available,2.19,38.99,high,low,5,namesilo,,,
7a401aed-d33a-469f-92a5-8badee68dcb2,asia.courses,premium,625,,high,low,4,name.com,,,
d4c5fb37-a742-48b2-9178-3c4dab3a7e97,claire.courses,available,2.19,38.99,high,low,6,namesilo,,,
6fa4abad-3ad6-4393-9e6e-6a431f8e384c,islands.courses,available,2.19,38.99,high,low,7,namesilo,,,
f1da0145-867b-4e82-a7fd-42b7561d5a63,deliver.courses,available,2.19,38.99,high,low,7,namesilo,,,
13587c84-86a4-4e4e-9a2b-41e0698f7240,cucumber.courses,available,49.99,,high,low,8,name.com,,,
ed52fcc0-2f3a-425c-b4e3-4121a0cebb24,tomboy.courses,available,49.99,,high,low,7,name.com,,,
1d5b3e5f-083e-47f0-aa16-da556a4a79ad,closest.courses,available,2.19,38.99,high,low,7,namesilo,,,
ca810975-3cdf-49e5-9cbf-7b07e5d65c44,lion.courses,available,2.19,38.99,high,low,4,namesilo,,,
15f5d6b5-7a39-4f58-becc-0c96c34cbbad,arbitrarily.courses,available,49.99,,medium,low,11,name.com,,,
cfe00da3-960f-43b3-b27a-35c34120621b,april.courses,available,2.19,38.99,high,medium,5,namesilo,,,
b63618a9-1c4c-48d2-810a-02738fd0d080,scheme.courses,available,2.19,38.99,high,low,6,namesilo,,,
24c3c3cd-5806-4e69-add4-59fda2ceb685,recumbent.courses,available,1.98,50.98,high,low,9,namecheap,,,
2b4acf4b-ab1f-4d07-b4c0-03a63bcb0941,omega.courses,available,2.19,38.99,high,high,5,namesilo,,,
45bc247d-34c8-4bf4-ae0b-d41db4d626c1,energizing.courses,available,1.98,50.98,high,low,10,namecheap,,,
0083f333-e69b-4a11-9c69-b3e464fbde71,justification.courses,available,2.19,38.99,high,low,13,namesilo,,,
9452334c-78e9-425c-a85c-27f9066b57ff,lazuline.courses,available,1.98,50.98,medium,low,8,namecheap,,,08/08/2026 03:18
8444deb6-72a0-4899-b5d8-f981d8cd4015,hic.courses,premium,625,,high,low,3,name.com,,,
e7f2d53e-4e1a-4d79-a154-3daf23faf59a,aramean.courses,available,1.98,50.98,medium,low,7,namecheap,,,06/08/2026 12:02
d1b1930d-1b9a-433c-8d08-c43be60bb88d,excursion.courses,available,2.19,38.99,high,low,9,namesilo,,,
52363aa9-742c-49ea-9102-6c7106b8316c,redo.courses,available,2.19,38.99,high,low,4,namesilo,,,
dda8ec47-ed0f-4ea4-a6f2-2904d756999d,crabby.courses,available,1.98,50.98,medium,low,6,namecheap,,,08/08/2026 07:43
3d13cb6f-bb48-4c6b-84d1-0fc1f22981df,smelling.courses,available,2.19,38.99,high,low,8,namesilo,,,
b972b369-1be9-406e-849a-4e25e6d1ba36,restrain.courses,available,2.19,38.99,high,low,8,namesilo,,,
36c99753-90fe-4a2d-8949-13894552e206,airworthy.courses,available,1.98,50.98,high,low,9,namecheap,,,
d9e19a1e-b5cb-4e8a-a218-2790272a6454,quartet.courses,premium,242,242,high,low,7,namesilo,,,
48aea302-5224-4793-918f-3adcea3d248e,wax.courses,premium,625,,high,low,3,name.com,,,
9b1cbb90-8c1d-4551-84ca-e0ac872cbe08,angry.courses,available,1.98,50.98,high,low,5,namecheap,,,
9f19ab2c-298b-4263-92cd-cf941a08255b,consultive.courses,available,1.98,50.98,high,low,10,namecheap,,,
950534eb-5771-483d-8db4-7a4586f94da5,scorched.courses,available,1.98,50.98,medium,low,8,namecheap,,,
6fbc1c68-5ce6-4a76-82e6-1757d04cacda,indiana.courses,premium,242,242,high,low,7,namesilo,,,
23d8a730-a115-4167-a7a8-9ade00601c43,asked.courses,premium,242,242,high,low,5,namesilo,,,
c65d7d85-0eb2-4679-9baa-7f79f6d41d57,untypical.courses,available,1.98,50.98,medium,low,9,namecheap,,,07/08/2026 16:10
b09e25b7-de05-4390-82f5-22602ca99152,beaded.courses,available,1.98,50.98,medium,low,6,namecheap,,,09/08/2026 03:18
520893f7-6d85-428d-818c-001d63a00eff,addresses.courses,available,49.99,,medium,low,9,name.com,,,
92e7ad11-2bf4-4334-91ff-a73622c3a870,cockpit.courses,available,2.19,38.99,high,low,7,namesilo,,,
2786e8a2-a667-4339-8738-5bfa223515ba,frame.courses,available,2.19,38.99,high,low,5,namesilo,,,
346bfa12-8616-4b88-99f7-1c5700432fb1,wife.courses,available,49.99,,high,low,4,name.com,,,
3279a149-00c9-48c3-9f32-a44301f743e4,susan.courses,available,2.19,38.99,high,low,5,namesilo,,,
608e164f-5baa-4d10-88c0-f7f6d8bfe726,midday.courses,available,2.19,38.99,high,low,6,namesilo,,,
a7dd3dc2-35fa-4a27-a98c-14bd7d7a25e1,anechoic.courses,available,1.98,50.98,medium,low,8,namecheap,,,
fa5fafd4-257d-44f9-be70-0c70f6e3c82a,andromeda.courses,available,49.99,,high,low,9,name.com,,,
e65f4f35-201d-449a-b2b9-768431a24885,london.courses,premium,1250,,high,medium,6,name.com,,,
e4ff65f3-1fe5-47b7-9a48-06d70b3dbe76,pointless.courses,available,2.19,38.99,high,low,9,namesilo,,,
bf30f14c-e3ad-4c4f-86e5-ac27875611c1,scarlett.courses,available,2.19,38.99,high,low,8,namesilo,,,
07bd1cb4-0ec1-4b5d-8ef2-25dd0c4d7d55,bedhead.courses,available,49.99,,medium,low,8,name.com,,,
f36a88a8-397c-4f4c-ab63-5beda3979127,beardless.courses,available,1.98,50.98,medium,low,9,namecheap,,,09/08/2026 04:43
5777a585-d31a-499c-a874-0b636a024523,soldiers.courses,available,2.19,38.99,medium,low,8,namesilo,,,
feb4d673-197d-4ebe-95a5-a14bd83f75e7,sep.courses,premium,625,,high,low,3,name.com,,,
7ccf5445-3f6f-4e7a-9619-e84ad611856c,pressed.courses,available,2.19,38.99,high,low,7,namesilo,,,
2b066939-bfbc-4af8-a13c-9667e053c9ed,travelling.courses,premium,1107,1107,high,low,10,namesilo,,,
b38b4edd-c3ef-467d-88fb-6b5e1cf9563e,harrowing.courses,available,1.98,50.98,medium,low,9,namecheap,,,
1afa5d5e-888e-4d99-9d64-e08a8e8a7f69,fog.courses,premium,625,,high,low,3,name.com,,,
18f568ec-85de-4b74-b278-db0e71a4e95b,snicker.courses,available,2.19,38.99,high,low,7,namesilo,,,
780b7715-3ad7-4c19-a713-eb018cf6122e,upwards.courses,available,2.19,38.99,high,low,7,namesilo,,,
50472917-c70c-48c1-90ec-a56b7d235300,diva.courses,available,2.19,38.99,high,low,4,namesilo,,,
fa75cfb7-7ca4-4749-acb2-9c9c28c060ba,seized.courses,available,49.99,,medium,low,6,name.com,,,
eb5cfc28-986e-4694-b87f-aa028a9015ca,skilled.courses,premium,625,,high,low,7,name.com,,,
ffbf4167-c6ab-4126-a237-154ac82e2962,consumption.courses,available,2.19,38.99,high,low,11,namesilo,,,
f6a2970b-8f78-48db-8bc3-22f779777113,underwear.courses,available,2.19,38.99,high,low,9,namesilo,,,
ca108db4-78b8-4f33-8559-9114ea82a788,buttons.courses,available,2.19,38.99,high,low,7,namesilo,,,
b7046c00-fff4-4325-9013-c4c9c66c1112,peninsula.courses,available,2.19,38.99,high,low,9,namesilo,,,
b4aa1bb3-9034-410f-8614-d8fe1d8123b6,phony.courses,available,1.98,50.98,high,low,5,namecheap,,,08/08/2026 23:09
b996b1a4-9397-4ff5-8bfe-e1f1d4dcb79a,adopted.courses,available,1.98,50.98,high,low,7,namecheap,,,
30e0ce8a-6f3c-419f-bcf6-81a42c510130,planning.courses,available,2.19,38.99,high,low,8,namesilo,,,
e03c6eb6-25a4-4521-b1ed-8eb6e5e45e5a,jack.courses,available,43.99,,high,medium,4,name.com,,,
73cd8fd5-97bd-4c58-a5c4-50d21bdbdc0a,ava.courses,premium,625,,high,medium,3,name.com,,,
d2487ff2-93ca-4c7f-ac7e-67695f242921,stan.courses,available,2.19,38.99,high,low,4,namesilo,,,
0008cd31-9d7d-41a6-ab32-9a4afa752abd,lucent.courses,available,1.98,50.98,high,low,6,namecheap,,,
e43efd47-9dfc-410e-894a-c4594a3810b5,farmer.courses,premium,242,242,high,low,6,namesilo,,,08/09/2026 06:02
0e0f66f0-a5ad-4829-9a94-34ea1e793a27,holly.courses,available,2.19,38.99,high,low,5,namesilo,,,
dbfbf8ab-70a4-48b1-a13a-86c7d7f6f2c7,refresh.courses,available,2.19,38.99,high,low,7,namesilo,,,
ade49fd3-4b06-4f55-a3ac-2eb77571e506,links.courses,premium,625,,high,low,5,name.com,,,
a97ad619-2926-4d12-9247-6b90f9b54811,abyssal.courses,available,1.98,50.98,medium,low,7,namecheap,,,
4fd17bb4-1391-402e-8b99-2e44af342774,lyric.courses,available,2.19,38.99,high,low,5,namesilo,,,
26571006-f470-4f94-874d-8a0502239b66,soundlike.courses,available,2.19,38.99,low,low,10,namesilo,,,
79780f26-d096-4d44-ad11-bf1f59cf42f2,haiti.courses,available,,,high,low,5,,,,
d02317b9-073e-42f1-a965-be713b8de503,confounded.courses,available,1.98,50.98,medium,low,10,namecheap,,,07/08/2026 11:57
62ddea25-eec8-40fb-897f-249731b9d5b0,untrue.courses,available,2.19,38.99,medium,low,6,namesilo,,,
14ea911a-462f-44c3-b72b-9afad8df5975,anticipant.courses,available,1.98,50.98,medium,low,10,namecheap,,,
7df9c8ec-755d-46b7-b3f0-7a01967eff33,peachy.courses,available,1.98,50.98,high,low,6,namecheap,,,08/08/2026 12:41
d5c26d8a-d933-4a71-a4a3-7fbde2c04e73,acknowledge.courses,available,49.99,,high,low,11,name.com,,,
4494fb42-8003-4208-b84d-14ad5b0002db,capone.courses,available,2.19,38.99,medium,low,6,namesilo,,,
154f5a59-94b8-42e2-a62d-d06c745effaa,currency.courses,available,49.99,,high,low,8,name.com,,,
fdb57cfb-3f9c-4529-a5b9-cce691674ba0,clergy.courses,available,2.19,38.99,high,low,6,namesilo,,,
766f086e-f260-465a-bf10-755f6f2a0a41,list.courses,premium,116,116,high,low,4,namesilo,,,
8217bde1-f04e-4881-a4f6-f70c15b8e358,bio.courses,premium,625,,high,medium,3,name.com,,,
7f174798-0758-4569-be7e-98daab67c62b,sinners.courses,available,2.19,38.99,medium,low,7,namesilo,,,
f29c779f-dbe6-4697-9157-073529ede2ca,rules.courses,available,2.19,38.99,high,low,5,namesilo,,,
d4dde2a9-8c93-491f-ac6b-736432aef6e5,abloom.courses,available,1.98,50.98,medium,low,6,namecheap,,,
c194e68f-d218-48cc-9090-033073cc610f,side.courses,available,2.19,38.99,high,low,4,namesilo,,,
52c2811c-d172-4f59-ba0b-de1b137e32f4,grilled.courses,available,1.98,50.98,high,low,7,namecheap,,,08/08/2026 16:31
6f0a4a68-638c-457a-a44f-b20f4704e1d2,vicious.courses,available,1.98,50.98,medium,low,7,namecheap,,,08/08/2026 16:00
36a2bdf1-fa8b-4310-9b95-e1a9a7d3d59f,master.courses,premium,1107,1107,high,low,6,namesilo,,,
da1a8523-a225-4041-b358-ad67b656536b,stood.courses,available,2.19,38.99,medium,low,5,namesilo,,,
8977e63c-6b70-4199-86f3-8cd688f75f1c,vodka.courses,premium,625,,high,low,5,name.com,,,
b837380a-e097-4aa8-94a0-a05ae621c95f,racist.courses,available,1.98,50.98,medium,low,6,namecheap,,,
74edabeb-c54a-4c2c-8fc8-fc5ee2e257d1,olive.courses,available,2.19,38.99,high,low,5,namesilo,,,
e0965ba1-318b-4e99-9310-7d7f3b7f6bae,fungicide.courses,available,1.98,50.98,high,low,9,namecheap,,,
06fb7f87-754f-4382-bd42-f8646aae8f6c,appetizing.courses,available,1.98,50.98,high,low,10,namecheap,,,06/08/2026 06:45
8019fb41-5812-48a5-abc7-f6e491972bc2,petite.courses,available,1.98,50.98,medium,low,6,namecheap,,,08/08/2026 14:24
04568c54-094c-40b6-a35b-b18de11d9de1,refreshed.courses,available,2.19,38.99,high,low,9,namesilo,,,
171a4450-a9b7-4bf2-a2d5-7985396301f1,irrational.courses,available,2.19,38.99,high,low,10,namesilo,,,
68b27555-4440-422b-8f6c-f6adb5b9a461,inhibit.courses,available,2.19,38.99,high,low,7,namesilo,,,
ecdb2b04-4138-4680-83a6-491c1b28e1ec,noon.courses,available,2.19,38.99,high,low,4,namesilo,,,
fe752ab1-f28d-4c6c-92a1-a1924d3f4345,arty.courses,available,1.98,50.98,high,low,4,namecheap,,,06/08/2026 23:51
65c37a9b-d5b3-4928-b729-7c718aa972af,cxxx.courses,available,1.98,50.98,high,low,4,namecheap,,,
b4a1c0c2-5260-427d-ae85-eb3fff27f90f,appealing.courses,available,1.98,50.98,high,low,9,namecheap,,,06/08/2026 05:51
44a698bb-2a07-4f41-9496-f34c5584bf01,kilogramme.courses,available,49.99,,high,low,10,name.com,,,
1e8fa5a6-d680-44b4-ba2c-63de492bf445,lisboa.courses,available,2.19,38.99,high,low,6,namesilo,,,
9c9fee33-3c39-425d-b4f3-8011b446ff8e,askance.courses,available,1.98,50.98,medium,low,7,namecheap,,,07/08/2026 02:56
d268c1ec-ec3f-4e41-8709-54fa3a43c1b4,impractical.courses,available,2.19,38.99,medium,low,11,namesilo,,,
8782266b-c7a8-4b60-8ab4-2be48155f5cc,thousandth.courses,available,1.98,50.98,high,low,10,namecheap,,,
6b9d98f4-3927-4def-a601-8a5e2ce40231,accusative.courses,available,1.98,50.98,high,low,10,namecheap,,,
ce58c6d1-418e-4c0f-b55b-5e48039a9a02,boots.courses,available,2.19,38.99,high,low,5,namesilo,,,
2d100b8e-bc2f-4254-a3fa-284709188e71,towed.courses,available,49.99,,medium,low,5,name.com,,,
08818b67-d45a-4b81-bb88-43eeed621817,alary.courses,available,1.98,50.98,medium,low,5,namecheap,,,
b35fce91-57ef-4495-b856-6b0d475a378f,aphotic.courses,available,1.98,50.98,medium,low,7,namecheap,,,05/08/2026 23:37
1e557be1-7f50-4c77-a298-f9c8d60e0d07,biting.courses,available,1.98,50.98,high,low,6,namecheap,,,08/08/2026 16:41
38bdde63-01f0-47eb-a209-ab9f3707d601,sandwich.courses,available,2.19,38.99,high,low,8,namesilo,,,
cb292590-4f98-4c77-945e-f3221eb8e285,crab.courses,available,2.19,38.99,high,low,4,namesilo,,,
4b81ad8a-399d-4ce4-8a4e-2cbefadd4be5,coffin.courses,available,2.19,38.99,medium,low,6,namesilo,,,
188e6684-62d8-4518-ba18-3fd9fbbd2b1b,captive.courses,available,1.98,50.98,high,low,7,namecheap,,,
318892ab-d5f0-45fd-a8d3-efdc60dda71a,round.courses,premium,116,116,high,low,5,namesilo,,,09/08/2026 05:09
528b5e24-d790-4f1a-a083-1bc56489a671,pizzeria.courses,available,2.19,38.99,high,low,8,namesilo,,,
28510a7c-405d-46c1-b3c1-1fe42a9aad30,transparent.courses,available,49.99,,high,low,11,name.com,,,
00fed6ca-59c3-4716-9bc1-80561e541d2d,embracing.courses,available,2.19,38.99,high,low,9,namesilo,,,
dda3a348-5aa6-4a91-8974-7e6b4d2828a0,animist.courses,available,1.98,50.98,high,low,7,namecheap,,,
46cef68e-9358-41c9-8c81-406f2aa76c6f,apparent.courses,available,1.98,50.98,high,low,8,namecheap,,,06/08/2026 05:08
7ecbbc4e-2761-459d-98e5-2e2d7c57f291,barbecued.courses,available,1.98,50.98,high,low,9,namecheap,,,08/08/2026 16:25
3aaeb774-29fb-4c07-afc4-c96a1eec7a9f,many.courses,premium,242,242,high,low,4,namesilo,,,
2c80c449-67bc-477b-80b8-237367e9a77d,lxii.courses,available,1.98,50.98,medium,low,4,namecheap,,,
4e33f68c-fb47-471d-a986-5c4fe6f8f1a8,insist.courses,available,2.19,38.99,high,low,6,namesilo,,,
18e5754a-479e-4e87-bfac-6db673b9dd30,angulate.courses,available,1.98,50.98,high,low,8,namecheap,,,
0a0add7c-38d2-4557-9114-cdd7a2e3f6a2,intend.courses,available,2.19,38.99,high,low,6,namesilo,,,
8494c1df-0110-40e3-8d2a-cdd719da74ca,acerose.courses,available,1.98,50.98,medium,low,7,namecheap,,,
a6d1cc0e-243b-4fe9-92a9-8565f80e2df3,les.courses,premium,625,,high,low,3,name.com,,,
9b4e96e1-ea4d-4e04-a0ab-4817ce73d8f7,explore.courses,available,2.19,38.99,high,medium,7,namesilo,,,
998d45eb-28a1-4bde-937a-9aedce5c77a3,agelong.courses,available,1.98,50.98,medium,low,7,namecheap,,,
d20e15d8-aba4-42ce-ad48-d73f1efbf8f2,brute.courses,available,1.98,50.98,high,low,5,namecheap,,,
90e3a666-c13c-450b-8904-90b56d9c5f38,algerian.courses,available,1.98,50.98,high,low,8,namecheap,,,
058327c2-fb26-4254-95cd-72e22c29a422,employment.courses,premium,116,116,high,low,10,namesilo,,,
aae2abd7-74e6-462f-9bde-6a2cf8f3dcbf,vincible.courses,available,1.98,50.98,medium,low,8,namecheap,,,09/08/2026 05:42
d7ef08ec-5d2b-40cf-928b-f25698cdbf85,dough.courses,available,1.98,50.98,high,low,5,namecheap,,,08/09/2026 03:53
256b6b1b-921f-418a-8a72-41e23d289065,nightmare.courses,available,2.19,38.99,high,low,9,namesilo,,,
b202c0b7-8109-4f7c-8336-6037e9106908,deviate.courses,available,1.98,50.98,high,low,7,namecheap,,,
4820645c-4139-486e-80be-3f5f17d04a6d,boo.courses,premium,625,,high,low,3,name.com,,,
0a3c7880-325c-4745-9066-63c0ffe34853,slide.courses,available,2.19,38.99,high,low,5,namesilo,,,
31a198fd-a50d-4f1d-8d26-6ac3bf04b563,granny.courses,available,49.99,,high,low,6,name.com,,,
89a6f139-257f-461e-ab50-7f6599c629ab,ixc.courses,premium,625,625,medium,low,3,name.com,,,
bf451474-1bcf-49d9-9e04-d0597c600d2f,ben.courses,premium,625,,high,medium,3,name.com,,,
4d7b8923-b671-492d-b3ab-540caae9c661,discredit.courses,available,2.19,38.99,high,low,9,namesilo,,,
702e2022-b091-48af-8562-f6f5db653a42,alley.courses,available,2.19,38.99,high,low,5,namesilo,,,
47a1a7e8-af13-464d-a0ed-a0f9e93a8c14,pita.courses,available,2.19,38.99,high,low,4,namesilo,,,
f98413e7-c3e3-42b3-ba32-3c31ab191807,ilx.courses,premium,625,625,medium,low,3,name.com,,,
49c651c7-db87-4052-9c59-4e46ea29bb9d,actable.courses,available,1.98,50.98,medium,low,7,namecheap,,,
e2069971-aef6-43ce-9d39-eda03bf4135c,mode.courses,premium,116,116,high,low,4,namesilo,,,
b3f07336-3c02-454c-ae46-fca066167822,explain.courses,available,2.19,38.99,high,low,7,namesilo,,,
e2e8cc69-63d6-499d-89c9-00e09bafc5b4,icu.courses,premium,625,,high,low,3,name.com,,,
7ed8c93b-26b7-455f-9b57-e22b8d9c338e,loyal.courses,available,49.99,,high,low,5,name.com,,,
c5abc5ba-f1a9-4a4b-a5dc-843fd3081abe,courtyard.courses,available,2.19,38.99,high,low,9,namesilo,,,
d0703e91-84ee-481e-bbab-5ccad7de7dab,aestival.courses,available,1.98,50.98,medium,low,8,namecheap,,,
63c6f2cb-2f6d-4a91-94a1-f15036de9fec,affirmable.courses,available,1.98,50.98,medium,low,10,namecheap,,,
2b2ed88d-1cf5-4554-ba00-32e9c851f8fb,browser.courses,available,2.19,38.99,high,low,7,namesilo,,,
887f1595-8308-4aef-99fb-ddb3aebcf329,booklist.courses,available,2.19,38.99,high,low,8,namesilo,,,
5dd12d96-6173-4d30-8aad-8377b767a1fb,genesis.courses,available,,,high,low,7,,,,
da4bdd6a-12fe-4cc7-b6e1-f8c63277708c,abactinal.courses,available,1.98,50.98,medium,low,9,namecheap,,,
c9a74b2a-6f0a-456f-84e9-22374ecba09d,profess.courses,available,2.19,38.99,high,low,7,namesilo,,,
3870bb5e-e976-4baf-92df-86af06c9b2d3,backhand.courses,available,1.98,50.98,high,low,8,namecheap,,,08/08/2026 05:43
41d84c97-4f33-43b4-a0e0-b669ea846001,strong.courses,premium,116,116,high,low,6,namesilo,,,
53155b3e-2787-48be-b984-a0f09c2379aa,buzzing.courses,available,1.98,50.98,high,low,7,namecheap,,,
727272b9-b016-44a7-bda2-e033421ac3de,russian.courses,premium,625,,high,low,7,name.com,,,
d1cbade9-2854-45ad-9054-576def34196c,landing.courses,available,2.19,38.99,high,low,7,namesilo,,,
73902cd8-a8dc-4d60-b9d7-382228002966,oyster.courses,available,2.19,38.99,high,low,6,namesilo,,,
6926a110-baa1-4a1f-b7c3-dd872527edd9,astral.courses,available,1.98,50.98,high,low,6,namecheap,,,07/08/2026 09:57
de35fe18-17db-4186-98e8-97a2368de3fd,alkalic.courses,available,1.98,50.98,medium,low,7,namecheap,,,
b47a9896-13d0-47fe-8df6-304e89fb694b,impromptu.courses,available,1.98,50.98,high,low,9,namecheap,,,
d88ac218-1cb0-491b-9c2d-9da29e6101c9,caracas.courses,premium,1107,1107,high,low,7,namesilo,,,
748e4e22-56e1-45e8-8199-eb76f6211e7a,hotel.courses,premium,650,650,high,medium,5,namecheap,,,
67274e64-6937-4b2f-a234-ff5c1805bfc1,replacement.courses,available,2.19,38.99,high,low,11,namesilo,,,
9c6760e1-2df4-4b7b-93cb-f430545039bd,whether.courses,available,2.19,38.99,high,low,7,namesilo,,,
711722db-fe11-4ac5-822a-3d62d5ee24d2,trophy.courses,available,2.19,38.99,high,low,6,namesilo,,,
51f91018-7a59-462a-b859-b91ad321cc60,kinda.courses,available,49.99,,high,low,5,name.com,,,
e44c7725-87de-457a-8562-fa6a9b22ff36,automobile.courses,available,2.19,38.99,high,low,10,namesilo,,,
476d58e0-1e09-4993-bc14-5fecdca83065,analyzed.courses,available,1.98,50.98,high,low,8,namecheap,,,
064b7d7d-2382-43d5-b47a-55e25acdcd8f,anosmic.courses,available,1.98,50.98,medium,low,7,namecheap,,,
5888a426-7c00-4519-90d6-f8b806628e56,shaky.courses,available,49.99,,high,low,5,name.com,,,
af688f22-c158-47ad-95b9-ee2a2d42e496,moldy.courses,available,2.19,38.99,medium,low,5,namesilo,,,
0e74aef2-0f60-42df-80f7-993142cd35af,vandalism.courses,available,2.19,38.99,medium,low,9,namesilo,,,
ffb9464c-9ae8-4b0b-b32f-d589437d8cce,struggle.courses,available,2.19,38.99,high,low,8,namesilo,,,
6d42528c-326a-4cf8-a836-d77ae3d85545,urban.courses,premium,242,242,high,low,5,namesilo,,,
a3e11ef7-cf08-4e9e-a90c-93f168e41acd,advice.courses,available,2.19,38.99,high,low,6,namesilo,,,
495e6df7-e4ac-4a08-b17d-2a2a3d2f426a,profile.courses,available,2.19,38.99,high,low,7,namesilo,,,
921cd39b-ca72-4532-9b4a-ef080b0c8c70,director.courses,premium,625,,high,low,8,name.com,,,
ba0fac1a-ffaa-4fde-8888-3bcb978e04a8,outdoor.courses,premium,625,,high,low,7,name.com,,,
fea74dcf-7267-42e9-9bac-0b920cf4e034,spend.courses,available,2.19,38.99,high,low,5,namesilo,,,
8ec75bcd-f114-440c-86d1-18cbd8d16ff4,section.courses,available,1.98,50.98,high,low,7,namecheap,,,08/09/2026 06:07
fb0c263e-6ef3-476b-b0e4-4e9f2869e6b2,astylar.courses,available,1.98,50.98,medium,low,7,namecheap,,,07/08/2026 10:15
a68967f4-3ee0-4460-8868-49f616bd3392,seventy.courses,available,1.98,50.98,high,low,7,namecheap,,,
4600e16e-c2bb-44cb-824e-ddd728c18ec3,port.courses,available,2.19,38.99,high,low,4,namesilo,,,
388faa37-b337-4516-b32f-f7470aca90a1,ariled.courses,available,1.98,50.98,medium,low,6,namecheap,,,06/08/2026 19:09
33bb0b38-0610-4dbd-8ecc-f5d851650f2a,autogenous.courses,available,1.98,50.98,medium,low,10,namecheap,,,07/08/2026 20:16
5a1c6b74-3935-4aca-b11e-0f384ef81f2f,wiring.courses,available,2.19,38.99,high,low,6,namesilo,,,
1ff36894-131f-4c83-9fcb-3e3de7cbfde6,elvis.courses,available,2.19,38.99,high,low,5,namesilo,,,
b8ec074a-8e64-490f-8a4d-e54abd6334f6,nan.courses,premium,625,,high,low,3,name.com,,,
34d927f0-13e3-4b10-ad76-ba513fb2318c,distribute.courses,available,2.19,38.99,high,low,10,namesilo,,,
806ded99-e433-4a56-b6a6-dd77a55d2898,february.courses,available,2.19,38.99,high,low,8,namesilo,,,
2ffec73c-e627-4fe3-ba43-3118ed2915fe,media.courses,available,,,high,low,5,,,,
466811cd-3c5f-4cb3-b700-e06261640b43,albinotic.courses,available,1.98,50.98,medium,low,9,namecheap,,,
cba8865e-0511-4feb-b008-2605cab537d9,allotropic.courses,available,1.98,50.98,medium,low,10,namecheap,,,
ca38e3b4-b0ee-4cee-80da-cea25b4c078a,viewer.courses,available,2.19,38.99,high,low,6,namesilo,,,
334ff710-bdc2-4867-9919-252ab5cf92ca,beady.courses,available,1.98,50.98,medium,low,5,namecheap,,,09/08/2026 03:23
bdd237b4-7eb9-4be1-b2d9-f661b26a7c8c,achromic.courses,available,1.98,50.98,medium,low,8,namecheap,,,
6b7f6392-4ae7-40c9-8b20-6ddaf24fad14,fate.courses,available,2.19,38.99,high,low,4,namesilo,,,
7c57dad7-f252-432e-b2a0-42decdee0dc6,provoke.courses,available,2.19,38.99,high,low,7,namesilo,,,
8500aa37-6187-4701-a729-011fbda47fc1,work.courses,premium,625,,high,medium,4,name.com,,,
d0f228ce-4eee-47bf-883f-cb665f392bd2,cxv.courses,premium,625,625,high,low,3,name.com,,,
c7fd3b0b-8039-4024-9566-6da3e794ec51,arouse.courses,available,1.98,50.98,high,low,6,namecheap,,,07/08/2026 23:59
b433242e-4fe5-43d4-abc4-a77e71ca791e,keep.courses,available,49.99,,high,low,4,name.com,,,
fa3d0846-79d0-4e96-8773-0278194cf112,exhibition.courses,premium,116,116,high,low,10,namesilo,,,
e1ae47f2-c4fa-4d22-ae3f-ec7dced5f397,length.courses,available,2.19,38.99,high,low,6,namesilo,,,
5e2a3f80-5959-4cf4-89bf-77ff90ac6072,call.courses,available,2.19,38.99,high,low,4,namesilo,,,
a958db82-638f-448e-a0c0-430ac2b7a59a,affinal.courses,available,1.98,50.98,medium,low,7,namecheap,,,
56b44ad2-3b4b-4da9-9a4b-75626644ecc1,annalistic.courses,available,1.98,50.98,high,low,10,namecheap,,,
cfdf233f-5dee-482b-b3d9-7f36927852b8,accurst.courses,available,1.98,50.98,medium,low,7,namecheap,,,
b5f367bc-1278-436a-a589-b2b5dd873e25,lunar.courses,available,2.19,38.99,high,low,5,namesilo,,,
fc346ca6-e8f8-4b1f-8932-4134cd909602,panoplied.courses,available,1.98,50.98,medium,low,9,namecheap,,,06/08/2026 21:42
6a259584-bed4-4eee-9fb9-b64ab627a978,advertisement.courses,premium,1107,1107,high,low,13,namesilo,,,
fa566996-4058-43ee-a855-12c073ef9f99,grape.courses,available,49.99,,high,low,5,name.com,,,
5c540440-70d6-4f7c-91eb-6be5a5d94d5b,tks.courses,premium,625,,high,low,3,name.com,,,
f5f3ddc0-ab4f-4bc7-b4af-841318af8f3c,acetic.courses,available,1.98,50.98,medium,low,6,namecheap,,,
814a18a3-eba5-429b-96fa-70368d99932b,apiarian.courses,available,1.98,50.98,medium,low,8,namecheap,,,05/08/2026 23:53
6f662ed8-82ef-4f00-91c7-784d196c6aa6,along.courses,available,,,high,low,5,,,,
5540fd02-5213-4ba2-bc06-0b674d3950d0,outlook.courses,premium,625,,high,high,7,name.com,,,
30314967-3e87-48ef-b4ef-0ae0d935feb9,dubstep.courses,available,2.19,38.99,high,low,7,namesilo,,,
ac1ecaae-3f46-431e-b740-4105332e2d7e,analog.courses,available,1.98,50.98,high,low,6,namecheap,,,
cda4ba98-890d-45c5-ac45-0c95440aa91f,california.courses,premium,242,242,high,low,10,namesilo,,,
89b13967-7535-4db6-9572-a07d92bde18f,hence.courses,available,49.99,,high,low,5,name.com,,,
fd68e27b-a1fa-4a08-b410-601c72884e30,south.courses,available,2.19,38.99,high,low,5,namesilo,,,
3298197e-e189-40d9-b3b9-f710fadde521,anti.courses,available,1.98,50.98,high,low,4,namecheap,,,
35238abf-a537-4dfb-b53f-162c3106f40b,varied.courses,available,2.19,38.99,high,low,6,namesilo,,,
119874b9-a78c-4d6d-ae31-47ed15690ac9,painkiller.courses,available,1.98,50.98,high,low,10,namecheap,,,
a3c886a3-d0d5-4d88-badc-a089b400864f,retain.courses,available,2.19,38.99,high,low,6,namesilo,,,
3aba999f-b339-4323-a950-78383495fc7f,province.courses,premium,116,116,high,low,8,namesilo,,,
4261f19e-9ae7-4c60-965b-aa021de6eef4,fig.courses,premium,625,,high,low,3,name.com,,,
72022f66-f8f2-418e-bc1d-4e93f674e91c,aboulic.courses,available,1.98,50.98,medium,low,7,namecheap,,,
364646d8-94a3-4044-a9db-237b530fa53a,nowadays.courses,available,2.19,38.99,high,low,8,namesilo,,,
23a4c48e-8e4f-4a02-93bf-b0ea096aafed,highly.courses,available,2.19,38.99,high,low,6,namesilo,,,
06e2ebd9-e316-40a7-b935-d018208a604f,loosely.courses,available,2.19,38.99,medium,low,7,namesilo,,,
2bdbdcc9-ffe7-497d-a38a-563638ece07c,bothersome.courses,available,1.98,50.98,medium,low,10,namecheap,,,
373f4e16-9a40-4e70-8c05-dc4f146ca24b,rare.courses,premium,116,116,high,medium,4,namesilo,,,
34b3e40c-3858-417a-ab2f-46d018abec0c,ashen.courses,available,1.98,50.98,medium,low,5,namecheap,,,07/08/2026 02:09
8c8f422b-25d3-4955-8529-d1a780557bfd,danger.courses,available,49.99,,high,low,6,name.com,,,
23c28fcf-0620-47cf-a18d-79f7f65c0ffa,mediocre.courses,available,2.19,38.99,high,low,8,namesilo,,,
f4083d6b-8323-4e8d-abdc-3add65cccfe5,streets.courses,premium,116,116,high,low,7,namesilo,,,
faa39fe6-606e-4a3d-9b02-c4ba7c2a8015,pollen.courses,available,2.19,38.99,high,low,6,namesilo,,,
55a95326-12db-446d-a636-fa1aaf33b470,anodic.courses,available,1.98,50.98,high,low,6,namecheap,,,
c602bcbc-d0b0-4335-bd40-201044a05246,thirty.courses,available,1.98,50.98,high,low,6,namecheap,,,
f7203d2a-4a7f-47d6-990d-105494f5d909,overjoy.courses,available,2.19,38.99,high,low,7,namesilo,,,
231ad363-d2f0-4394-b08a-a797d26761bf,shaft.courses,available,2.19,38.99,high,low,5,namesilo,,,
0ce0af47-5d63-472d-bfa0-88ad3553369e,follower.courses,available,2.19,38.99,high,low,8,namesilo,,,
0e4fe387-7ddb-4f51-a7f9-383b0f474d57,shall.courses,available,2.19,38.99,high,low,5,namesilo,,,
d06731b6-1790-4ef6-8b6b-149a22e511b1,wholesome.courses,available,2.19,38.99,high,low,9,namesilo,,,
b04f34b9-db93-4174-90a0-930a013403a8,indentured.courses,available,1.98,50.98,medium,low,10,namecheap,,,06/08/2026 08:34
b29d16f4-df84-431d-a614-f646f07b01e0,atomistic.courses,available,1.98,50.98,low,low,9,namecheap,,,07/08/2026 13:42
bf3ac0a0-fc91-4ce2-bc98-07938317aa24,reporting.courses,available,2.19,38.99,high,low,9,namesilo,,,
794123cb-c476-429d-97db-e6899fc2c1a2,send.courses,available,49.99,,high,low,4,name.com,,,
04610757-6a6d-47f2-a558-e6f93a8e0263,kind.courses,premium,116,116,high,low,4,namesilo,,,
920efb06-a082-4670-876c-44343a9eb559,westlake.courses,available,2.19,38.99,high,low,8,namesilo,,,
7f118978-c393-4200-8a7c-410ae679e74e,sighted.courses,available,2.19,38.99,high,low,7,namesilo,,,
ef6515c7-df12-4611-bdfb-17e82107c00a,qualitative.courses,available,2.19,38.99,high,low,11,namesilo,,,
c776201c-dd15-40b9-b98a-68ab85b39dad,lovesome.courses,available,1.98,50.98,high,low,8,namecheap,,,
61649a8b-a054-4bd4-a39f-546073987b85,animals.courses,available,49.99,,high,low,7,name.com,,,
849a4d2e-d4d2-41ef-a78a-2c880d6f1c8e,rgb.courses,premium,625,,high,low,3,name.com,,,
baa0c037-84e9-4448-97c7-4535dbc2a089,bones.courses,available,49.99,,high,low,5,name.com,,,
08e3793f-81e5-4109-b097-0a5fca199a98,flee.courses,available,2.19,38.99,high,low,4,namesilo,,,
1477770b-2529-4e48-8124-613023dd54da,basaltic.courses,available,1.98,50.98,medium,low,8,namecheap,,,08/08/2026 21:29
9ed6bab8-f254-41db-8176-e05bcc0bfd2e,spreadsheet.courses,available,2.19,38.99,high,low,11,namesilo,,,
316e7569-8e64-4ebf-83f8-ad472e5c7a9e,unique.courses,available,2.19,38.99,high,medium,6,namesilo,,,
8be9649d-1cc9-4ada-ba1b-d5a3955f2a44,anymore.courses,available,2.19,38.99,high,low,7,namesilo,,,
af610852-792a-435d-be72-ec362315b205,grouchy.courses,available,1.98,50.98,medium,low,7,namecheap,,,08/08/2026 07:52
0e450fdc-b235-4685-a1ad-3ee3a7bafcdf,yelled.courses,available,2.19,38.99,high,low,6,namesilo,,,
657cddd2-5825-4b17-a931-ba35906bdf85,locally.courses,available,49.99,,high,low,7,name.com,,,
83fa2ebf-c5f3-4415-99ae-a541b756190c,inviting.courses,available,2.19,38.99,high,low,8,namesilo,,,
2f148ee7-03c3-446f-955b-11a06de7a503,coast.courses,available,2.19,38.99,high,low,5,namesilo,,,
350229f0-e42a-4409-aa66-4607f553f75e,lego.courses,available,2.19,38.99,high,high,4,namesilo,,,
033dc82a-05b7-492a-985b-b12f74a36e6f,alamo.courses,available,2.19,38.99,high,medium,5,namesilo,,,
8f7e8dd3-2459-46e5-a6a9-d6036e806369,fictive.courses,available,1.98,50.98,medium,low,7,namecheap,,,07/08/2026 07:55
18e0f0ee-d891-4e29-871e-d3b395d6a0a0,enraged.courses,available,1.98,50.98,medium,low,7,namecheap,,,
f811171e-25a8-41f1-be02-3c42209516f0,cement.courses,available,2.19,38.99,high,low,6,namesilo,,,
5a5d7790-e9b4-4c9f-bd46-35a9a4eec364,scarface.courses,available,2.19,38.99,high,low,8,namesilo,,,
a417b071-fc05-40fa-876e-532354ba451b,adient.courses,available,1.98,50.98,medium,low,6,namecheap,,,
5a7731e6-6fe9-4a76-a8f0-d086b1d0b8c8,lake.courses,available,2.19,38.99,high,low,4,namesilo,,,
f713b7ac-3c68-4fd9-8221-72b15ff21387,suppose.courses,available,2.19,38.99,high,low,7,namesilo,,,
5d7bdcde-454b-4b55-aa53-532676ccf3f4,bern.courses,premium,116,116,high,low,4,namesilo,,,
4738f447-0f64-4311-ba42-ab056918b689,tip.courses,premium,625,,high,low,3,name.com,,,
bf98fe13-93ad-490d-89a3-36c201fa2fd2,whereas.courses,available,2.19,38.99,high,low,7,namesilo,,,
f5d9ea1d-5cab-41ca-a022-573da5d50830,lunch.courses,available,2.19,38.99,high,low,5,namesilo,,,
febd7a2b-398a-4cfb-8373-80c2baef61da,wakening.courses,available,2.19,38.99,high,low,8,namesilo,,,
380b40cd-3055-49b2-8d9f-04199572a8e2,forever.courses,available,49.99,,high,medium,7,name.com,,,
58064bb7-07c2-46f2-886e-b5b97a69732f,fibre.courses,available,2.19,38.99,high,low,5,namesilo,,,
15f987db-f758-437c-aa0b-9e0a34fdeda1,gandhi.courses,available,2.19,38.99,high,low,6,namesilo,,,
afdaa54b-fcd9-4b0d-88f6-8585ffb5d1b9,maddened.courses,available,1.98,50.98,medium,low,8,namecheap,,,
4539afa5-3984-43a0-aaa5-d3a50be9d5d7,gramme.courses,available,2.19,38.99,high,low,6,namesilo,,,
0f7925cf-98a4-418b-bad2-9dcaa808222d,bearded.courses,available,1.98,50.98,high,low,7,namecheap,,,08/08/2026 16:05
0a69bb7d-a1b8-4159-b574-9200f844c0b9,beneath.courses,available,2.19,38.99,medium,low,7,namesilo,,,
0edadee1-835f-48ee-b314-dcc209eae4fe,awe.courses,premium,625,,high,low,3,name.com,,,
d0f602c0-20d2-4e7d-a44b-2f51ce3fe127,musical.courses,available,2.19,38.99,high,low,7,namesilo,,,
e96499f7-1322-42ad-92cd-dc6ab03b4a5e,belt.courses,available,2.19,38.99,high,low,4,namesilo,,,
23c98504-a5ea-4b14-8618-6b87f419c51f,abaft.courses,available,1.98,50.98,low,low,5,namecheap,,,
d786c6a1-4d9d-4fe8-9a22-3ddee4718b38,services.courses,premium,130,130,high,low,8,namecheap,,,
2d673371-97ca-40a7-b482-18b06ce7b07a,nates.courses,available,1.98,50.98,medium,low,5,namecheap,,,09/08/2026 10:31
2a31c57e-ef25-4aab-bba2-0f94ec117c4a,hannukah.courses,available,2.19,38.99,high,low,8,namesilo,,,
f4efe310-23cc-4215-b282-b8ea5f7df44f,neighbour.courses,available,2.19,38.99,high,low,9,namesilo,,,
bea6da93-498b-4339-b078-f83250f44980,abounding.courses,available,1.98,50.98,high,low,9,namecheap,,,
2bd1f14d-a101-479e-9eb0-5e355f3ec63d,escaped.courses,available,1.98,50.98,medium,low,7,namecheap,,,07/08/2026 11:22
495567b1-4d20-47c8-ba3a-92a60a923712,selected.courses,available,2.19,38.99,high,low,8,namesilo,,,
a420a45c-63ba-47ce-a555-adaae4d82af2,acronym.courses,available,2.19,38.99,high,low,7,namesilo,,,
fce496e4-6d3a-4769-b59c-8bb593c7fc63,physic.courses,available,1.98,50.98,high,low,6,namecheap,,,05/08/2026 22:25
2707df19-0fbc-432d-963b-b64782b8da02,someone.courses,available,2.19,38.99,high,low,7,namesilo,,,
e646544c-05ca-449e-bfcf-104655819060,indifferent.courses,available,2.19,38.99,high,low,11,namesilo,,,
f2967c2f-438d-43e7-8f2d-e712f776940f,departed.courses,available,1.98,50.98,medium,low,8,namecheap,,,07/08/2026 11:31
523c2614-7375-4a07-b02c-dc91c834b0a7,hello.courses,premium,116,116,high,high,5,namesilo,,,19/09/2026 23:45
30d52e0d-dd45-4d2b-9e24-eb60f5722b2e,kamikaze.courses,available,2.19,38.99,medium,low,8,namesilo,,,
193f9fd0-cf68-4065-8170-6cc6c561072d,satisfy.courses,available,2.19,38.99,high,low,7,namesilo,,,
3af80a17-82ad-4fd4-8fd5-7ce1c7e98cff,torn.courses,available,2.19,38.99,high,low,4,namesilo,,,
d604f217-09e4-4ee8-b197-c5335912e869,heel.courses,available,2.19,38.99,high,low,4,namesilo,,,
1681e45f-bbfa-49a9-80f3-6ea64ae7c913,flack.courses,available,1.98,50.98,medium,low,5,namecheap,,,
a4e13289-4576-42c6-a1de-2ddf0c52df44,flush.courses,available,1.98,50.98,high,low,5,namecheap,,,
ffcdc4f2-5226-4d8e-8f87-b4c7705b8e59,brightness.courses,available,49.99,,high,low,10,name.com,,,
70535623-516e-4cae-98aa-83ba05d4206c,aired.courses,available,1.98,50.98,high,low,5,namecheap,,,
3829d32e-0302-4d68-bee1-b2dac64fd930,acetabular.courses,available,1.98,50.98,medium,low,10,namecheap,,,
e958cdea-5963-4ccf-abf2-249a6ca5bfd3,insufficient.courses,available,2.19,38.99,medium,low,12,namesilo,,,
cf27a0b4-8e6d-4123-a54d-6cd2a1245a0b,aware.courses,available,2.19,38.99,high,low,5,namesilo,,,
bf5e9465-3e72-4773-ad9f-a45f107b22db,adding.courses,available,2.19,38.99,high,low,6,namesilo,,,
a252a794-7006-46c0-83db-ab2b7ea207be,priceless.courses,available,2.19,38.99,high,medium,9,namesilo,,,
1ce65ef4-4605-4453-aa91-20821cc7d6f8,principal.courses,available,2.19,38.99,high,low,9,namesilo,,,
90fae0fb-ca22-4213-97a0-dd9e1a15bb6a,punter.courses,available,2.19,38.99,high,low,6,namesilo,,,
1c6b9827-edf7-40bb-b4b9-acc8e187fa29,alkalizer.courses,available,1.98,50.98,medium,low,9,namecheap,,,
f2263e60-c6c2-429f-a21b-6d18b04cd533,lxxxvi.courses,available,1.98,50.98,medium,low,6,namecheap,,,
3c392eb9-ddb3-401a-af39-583b1731f052,worked.courses,available,2.19,38.99,high,low,6,namesilo,,,
4a4f2a99-305d-4e7d-945a-f5b59d5649cb,wish.courses,available,2.19,38.99,high,low,4,namesilo,,,
276469f1-ad41-4a93-a007-1643a6933050,bruise.courses,available,2.19,38.99,high,low,6,namesilo,,,
efc3786a-697a-462e-9081-5f43ef150944,nearest.courses,available,2.19,38.99,high,low,7,namesilo,,,
acde5322-de40-4e86-9101-b440813146cc,rhythmic.courses,premium,250,,high,low,8,name.com,,,
c4281e6d-e813-47f8-a928-29840bd1ea4b,flowers.courses,premium,116,116,high,medium,7,namesilo,,,
958d6c17-bd6e-4148-9347-15b49dfc5b7a,dollar.courses,available,2.19,38.99,high,low,6,namesilo,,,
43916d41-114e-43a9-a74b-b29fbb0d09e7,clash.courses,available,2.19,38.99,high,low,5,namesilo,,,
9f85c649-c856-4b7d-bfc8-e1ada638a44f,ego.courses,premium,625,,high,low,3,name.com,,,
a29f66d4-4c85-49d3-893e-60706971a976,especially.courses,available,49.99,,high,low,10,name.com,,,
ad8a0fdf-1765-4acd-80cf-f9311e694790,everyone.courses,premium,125,,high,low,8,name.com,,,
265ceedf-b956-4383-ae1e-9b668592354c,aspirer.courses,available,1.98,50.98,medium,low,7,namecheap,,,07/08/2026 05:12
f6dd6c27-e9c2-4923-93c9-e992684704f0,aroid.courses,available,1.98,50.98,medium,low,5,namecheap,,,06/08/2026 11:30
7d69f4ee-05b7-4bad-991c-d9b9685c6c57,martha.courses,available,2.19,38.99,high,low,6,namesilo,,,
1988b85c-35a3-4692-b5b6-cd25ae08c02a,nude.courses,premium,116,116,high,low,4,namesilo,,,07/08/2026 16:15
8c9516dd-44cd-411f-aa2d-f7faf08324f9,sophisticated.courses,available,2.19,38.99,high,low,13,namesilo,,,
e650528f-8d04-4148-a9d8-b52ff0d3361d,appeal.courses,available,49.99,,high,low,6,name.com,,,
49476eaa-845e-49ab-b040-a89a3160ad5f,territory.courses,available,2.19,38.99,high,low,9,namesilo,,,
27beeb43-2584-41c7-ab38-c2c7bf673958,apologize.courses,available,2.19,38.99,high,low,9,namesilo,,,
9a49e6ec-f3b7-4c6b-a544-85d72da27734,anecdotal.courses,available,1.98,50.98,high,low,9,namecheap,,,
b9a2f3b7-522c-4b3d-ba57-91293904f077,retarded.courses,available,49.99,,high,low,8,name.com,,,
0b1f1c4f-358f-47e4-b312-dacd2bcf3214,northern.courses,available,2.19,38.99,high,low,8,namesilo,,,
864a1296-a2b9-46c7-89b8-e9fc01c41614,chairwoman.courses,available,2.19,38.99,high,low,10,namesilo,,,
3c09e33f-f62d-42ad-b38d-5de76acbc9dc,zesty.courses,available,1.98,50.98,high,low,5,namecheap,,,08/08/2026 20:02
e97bfe05-5571-44a0-ac51-6f9b2130054e,felt.courses,available,2.19,38.99,high,low,4,namesilo,,,
72c94215-278b-43c3-bc52-8b1b2bf420a8,vegetarian.courses,premium,625,,high,low,10,name.com,,,
8bf41c43-c490-45a5-8522-c2e9af874bba,hands.courses,available,1.98,50.98,high,low,5,namecheap,,,08/09/2026 04:01
8b3705d1-652a-4639-a5f9-9cb233b21d1b,turnabout.courses,available,2.19,38.99,high,low,10,namesilo,,,
95d0732d-d0c4-4b2b-9417-a6d9b3065e4b,clowning.courses,available,2.19,38.99,high,low,8,namesilo,,,
d359f7b7-f4bf-4bd1-b879-477d4b807fa6,flexing.courses,available,49.99,,high,low,7,name.com,,,
77ad135d-7950-45fe-b612-32f9136b9250,valuable.courses,premium,242,242,high,low,8,namesilo,,,
80d50b4d-1028-46ae-ad76-0c7d3a92a553,wages.courses,available,2.19,38.99,high,low,5,namesilo,,,
10fc39cf-edb1-4fa2-9f24-fbbd359ea528,ruined.courses,available,49.99,,high,low,6,name.com,,,
490fbe95-1f5b-4700-8b4e-3234a92b2255,barrier.courses,available,2.19,38.99,high,low,7,namesilo,,,
37afd375-3807-4cc4-a55f-59837cade1c1,teeth.courses,available,49.99,,high,low,5,name.com,,,
1ad8f598-18e8-4c1c-b6ae-8e6141f924ce,refine.courses,available,2.19,38.99,high,low,6,namesilo,,,
2d5aecf7-73f8-40cd-9e34-859d5f2ef121,upcoming.courses,available,1.98,50.98,high,low,8,namecheap,,,06/08/2026 08:39
c863a669-14eb-4de8-a6ff-aca771c29845,barebacked.courses,available,1.98,50.98,medium,low,10,namecheap,,,08/08/2026 18:44
747eb6d3-ca89-4378-a0d9-9de33eeae258,grocery.courses,available,1.98,50.98,high,low,7,namecheap,,,08/09/2026 13:48
7affe1a7-52c0-4a6b-a564-726b65fde083,aquiline.courses,available,1.98,50.98,medium,low,8,namecheap,,,06/08/2026 11:01
e665c62b-c4ca-46d3-8409-ab5488723f66,axonal.courses,available,1.98,50.98,medium,low,6,namecheap,,,08/08/2026 02:01
da91eb14-03e2-4630-8059-063a12650d97,detestable.courses,available,1.98,50.98,medium,low,10,namecheap,,,
b6487514-45ac-4345-8e6c-7961176c6866,arboreal.courses,available,1.98,50.98,high,low,8,namecheap,,,06/08/2026 13:18
892eeb74-ed99-4f83-96b9-10b22d04af66,drinking.courses,available,49.99,,high,low,8,name.com,,,
8efacf3d-4c6e-46f4-aa43-4746610d53a5,opinion.courses,available,49.99,,high,low,7,name.com,,,
7ce100ca-37e4-4460-bdd8-1875efba2647,organised.courses,available,2.19,38.99,high,low,9,namesilo,,,
bf11bca7-ec18-46c2-88b7-73ab147a3df6,winner.courses,premium,625,,high,low,6,name.com,,,
9fb8fbf0-4c5a-4fc5-b48f-fb35792cf4e1,andante.courses,available,1.98,50.98,high,low,7,namecheap,,,
15688b5b-698e-4725-87c7-f167ca1c475e,abide.courses,available,43.99,,high,low,5,name.com,,,
a9689611-7e90-4563-a81d-b0491b633bdd,nation.courses,available,2.19,38.99,high,low,6,namesilo,,,
51489695-76f1-4a72-9a86-5d0117b6405f,hoops.courses,available,2.19,38.99,high,low,5,namesilo,,,
c172eedc-5aee-497d-9bf0-3b77a4515c52,who.courses,available,,,medium,low,3,,,,
ddf3013c-3acb-4e54-9e04-cf9f43f806be,behave.courses,available,2.19,38.99,high,low,6,namesilo,,,
888e1622-be60-4671-9850-58c74b2d6e15,cxl.courses,premium,625,625,high,low,3,name.com,,,
4961274c-eff3-4f49-92e1-8dc6f9d45e0f,arrayed.courses,available,1.98,50.98,medium,low,7,namecheap,,,06/08/2026 21:37
3e60a46e-0bb0-4e36-9d43-6cd70b955c3b,deposits.courses,available,2.19,38.99,medium,low,8,namesilo,,,
e289a324-4934-4b97-abcc-9f401045697d,backstage.courses,available,1.98,50.98,high,low,9,namecheap,,,08/08/2026 06:18
21ea24b4-cddb-4a14-8b13-42d3aeeeefe5,pillowcase.courses,available,49.99,,high,low,11,name.com,,,
7222c6d7-58dd-4ba3-b26a-d0a1329752bc,blackmailing.courses,available,2.19,38.99,medium,low,12,namesilo,,,
4c31e279-5529-42db-993f-d74c559d7edd,attic.courses,available,1.98,50.98,high,low,5,namecheap,,,07/08/2026 15:46
06bf0d75-5184-462c-baaf-efe05859253c,sworn.courses,available,2.19,38.99,high,low,5,namesilo,,,
37fecb64-30c5-486d-9286-de8cc47cbb3d,mouthguard.courses,available,49.99,,medium,low,11,name.com,,,
cefa95c0-d149-4183-8d85-413ff72ac278,ccc.courses,premium,625,625,high,medium,3,name.com,,,
3b42a4de-08b1-426f-bedc-1c47b7738e23,exercising.courses,available,2.19,38.99,high,low,10,namesilo,,,
936df0fa-2b51-4646-89b3-11b75052633e,laborious.courses,available,1.98,50.98,medium,low,9,namecheap,,,06/08/2026 17:00
0109f825-dce3-4f5d-9d02-a76b4cadc4aa,challenge.courses,available,2.19,38.99,high,low,9,namesilo,,,
8d67b84e-bf2b-4a10-b950-17dd8ba2123a,balky.courses,available,1.98,50.98,medium,low,5,namecheap,,,08/08/2026 09:55
65657597-4473-4c2a-b713-d957ead3d28a,thrown.courses,available,2.19,38.99,high,low,6,namesilo,,,
01facb48-575b-44fb-984f-49410cab745c,arguable.courses,available,1.98,50.98,medium,low,8,namecheap,,,06/08/2026 18:32
67871af7-2424-4639-a1dd-b982ba4742a1,sloth.courses,available,2.19,38.99,high,low,5,namesilo,,,
6f92b30a-35d4-40f4-85c7-7ea452c73d82,world.courses,premium,116,116,high,medium,5,namesilo,,,
4dab0955-ab64-4a8e-a0eb-513d9b35ba76,attention.courses,premium,242,242,high,low,9,namesilo,,,
2c9ddeaf-777b-4064-9afe-1ec2f8f7e1c4,running.courses,premium,242,242,high,low,7,namesilo,,,
dc95279b-cfab-4d3c-b3d7-00a9e92bb4a1,builder.courses,available,2.19,38.99,high,low,7,namesilo,,,
dae6690f-4afd-425b-910a-dc9633e34a3c,enwrapped.courses,available,1.98,50.98,medium,low,9,namecheap,,,
2b7e7cbd-6163-4c48-82a4-92eec5b602ca,rebellion.courses,available,2.19,38.99,high,low,9,namesilo,,,
5006530a-b6d9-408b-a103-2df9865d2f70,linear.courses,available,1.98,50.98,high,low,6,namecheap,,,
35fdd591-0029-47d9-b381-0982e532e7dd,eighth.courses,available,1.98,50.98,high,low,6,namecheap,,,
78e5f42d-6698-457d-bb32-a7d7db8915b8,lying.courses,available,2.19,38.99,high,low,5,namesilo,,,
2158b1b5-42ab-42f6-b65d-f9c76a21dad4,hover.courses,available,2.19,38.99,high,low,5,namesilo,,,
e0bf0db3-109d-448a-b9b3-69c2e3acda1c,forty.courses,available,1.98,50.98,high,low,5,namecheap,,,
d8b86f43-f451-46ae-8524-cac0d31ea3b2,affidavit.courses,available,2.19,38.99,high,low,9,namesilo,,,
e3b07a33-cce0-4ab9-bc50-7ce4da7046d5,king.courses,premium,625,,high,medium,4,name.com,,,
67f4a2b0-8aa9-40b4-90c6-9855ec50e96e,maintain.courses,available,2.19,38.99,high,low,8,namesilo,,,
e3be6be6-22e8-461b-a516-c7555eb85840,quote.courses,available,2.19,38.99,high,low,5,namesilo,,,
1995791d-5673-4abf-bf4f-e477d5c641f4,sleeping.courses,available,2.19,38.99,high,low,8,namesilo,,,
e3288500-9b1b-4261-91a7-e28699c3d594,tilted.courses,available,1.98,50.98,high,low,6,namecheap,,,07/08/2026 13:29
14d801ba-4c2a-4956-b936-a51e90e857bc,eased.courses,available,1.98,50.98,high,low,5,namecheap,,,
ef8cd50e-4a65-4a91-bc5e-517a03e6f7e4,paddle.courses,available,,,high,low,6,,,,
33372e1a-692a-489f-9f6f-02d76620d71e,huge.courses,premium,116,116,high,low,4,namesilo,,,
2fe17a26-3e7d-49e2-8d83-5b1ef2c1af9a,covering.courses,available,2.19,38.99,high,low,8,namesilo,,,
188a5d0a-e35c-43a0-9668-a81ed24ba3be,concluded.courses,available,1.98,50.98,high,low,9,namecheap,,,
1fcfb79b-f76b-43f4-803d-186a4e36f4f9,consultant.courses,available,2.19,38.99,high,low,10,namesilo,,,
bce1f080-e53e-42d7-98b1-c7cd75f2381a,location.courses,available,2.19,38.99,high,low,8,namesilo,,,
1acc9485-95cf-48d7-a624-58447e86661f,lower.courses,available,2.19,38.99,high,low,5,namesilo,,,
79150b7b-161d-4877-9ee2-ed7bf0d09c82,buzzed.courses,available,2.19,38.99,high,low,6,namesilo,,,
d958d3ac-9fce-460f-a5ed-cddfd6684d86,slot.courses,premium,242,242,high,low,4,namesilo,,,
aa9c978e-acf5-46b0-af14-c5b67dfe7766,swastika.courses,available,49.99,,medium,low,8,name.com,,,
f1259ee3-d6cd-4cad-a619-0b8a14d76c35,universally.courses,available,2.19,38.99,high,low,11,namesilo,,,
f9f41c07-1b3b-4648-9642-e962f35ba922,aluminous.courses,available,1.98,50.98,medium,low,9,namecheap,,,
684ad761-c54b-4b4f-99b2-5f77b543ad6b,function.courses,premium,116,116,high,low,8,namesilo,,,
dfe87d0c-0be1-43ab-9893-bb25e65390f6,bearish.courses,available,1.98,50.98,medium,low,7,namecheap,,,09/08/2026 04:48
d919c6e6-de27-4c92-a9c0-be00f73f7357,providence.courses,premium,116,116,high,low,10,namesilo,,,
7404d073-e004-4cfd-aca0-ac7bc2dac6f0,field.courses,available,2.19,38.99,high,low,5,namesilo,,,
412c4994-411c-4e6e-b6f9-bc87ba293de9,youth.courses,premium,116,116,high,low,5,namesilo,,,
f807f85a-19c8-4560-9d95-a866673f82c8,assure.courses,available,2.19,38.99,high,low,6,namesilo,,,
5dc37239-5929-4472-8605-4a364499dbd1,adulterous.courses,available,1.98,50.98,medium,low,10,namecheap,,,
fd8319c2-27c8-4a21-aad2-9714e4c0d9b3,saturday.courses,premium,625,,high,low,8,name.com,,,
9aedb364-bf41-49af-b5ae-d843d62d8307,apophatic.courses,available,1.98,50.98,medium,low,9,namecheap,,,06/08/2026 02:27
120bd29b-b71b-4150-9608-6dc425f9fc20,apostate.courses,available,1.98,50.98,medium,low,8,namecheap,,,06/08/2026 03:35
6dac88c1-5416-41a0-998b-b0456bb3dfb0,lap.courses,premium,625,,high,low,3,name.com,,,
10cbfe79-fe34-4406-ae06-edfdcaf011bc,whenever.courses,available,2.19,38.99,medium,low,8,namesilo,,,
fc1bc014-6f9c-4071-9c54-ec752dbda3ee,mechanic.courses,premium,625,,high,low,8,name.com,,,
35e4834a-03bc-4edb-9b80-adb07974a71c,baguette.courses,available,2.19,38.99,high,low,8,namesilo,,,
cc24510b-d69f-4c09-95c4-6e18b44b5f99,agronomic.courses,available,1.98,50.98,medium,low,9,namecheap,,,
eae26495-0299-409d-a278-c26c1ee5aca4,speeding.courses,available,2.19,38.99,high,low,8,namesilo,,,
e9ff3adc-be42-46e8-8ef0-e838db795c54,avellan.courses,available,1.98,50.98,medium,low,7,namecheap,,,07/08/2026 22:24
81cf657a-b989-4a2a-a126-7d7b0b5859a6,usual.courses,available,2.19,38.99,high,low,5,namesilo,,,
27524bcb-9250-4468-a408-782c5565e32d,heal.courses,available,49.99,,high,low,4,name.com,,,
89f97ad1-e123-4f5a-816a-6c07b8d57e1b,sunbaked.courses,available,1.98,50.98,medium,low,8,namecheap,,,
8d0e0acc-11b5-4f63-b7b9-0dd00bf90920,rogue.courses,available,2.19,38.99,high,low,5,namesilo,,,
0dafa6de-0629-4953-aee4-12d1e9f75faa,dickens.courses,available,2.19,38.99,high,low,7,namesilo,,,
33aff308-4b1f-44e8-83a5-054f54cba9fe,journeyman.courses,available,2.19,38.99,high,low,10,namesilo,,,
087b35ac-5b03-48c4-b710-408dbbadadfe,humanities.courses,premium,6250,,high,low,10,name.com,,,
f0589d9d-2080-481a-b3bf-03ff1db5a819,posterior.courses,available,1.98,50.98,medium,low,9,namecheap,,,09/08/2026 11:12
5a755b10-994f-4b3a-8b18-d5015f90def4,removal.courses,available,2.19,38.99,high,low,7,namesilo,,,
57ba984e-86cc-4ca1-891a-6077d2e098ee,painted.courses,available,2.19,38.99,high,low,7,namesilo,,,
99dc0639-ce4e-4793-9cf5-2f9b28ac7a6e,chair.courses,available,2.19,38.99,high,low,5,namesilo,,,
fd8fee78-109b-4a4b-a7e1-6838d8bfd3f4,accusing.courses,available,1.98,50.98,high,low,8,namecheap,,,
0cea166f-4dd4-4d5e-8eee-a9e2d142b5ef,boot.courses,available,2.19,38.99,high,low,4,namesilo,,,
50c2c527-2390-4f00-8c1e-81d042770ca7,agape.courses,available,1.98,50.98,high,low,5,namecheap,,,
53984b28-2b01-4be0-b785-e6554dc31378,conform.courses,available,2.19,38.99,high,low,7,namesilo,,,
e7bac82e-e8fd-4ac5-941f-4cb4e0078e69,restless.courses,available,49.99,,high,low,8,name.com,,,
82e334c3-c1f6-4979-9572-508bf6523761,mount.courses,available,2.19,38.99,high,low,5,namesilo,,,
7b2a67b4-e90c-428e-a9b9-ce87d9871f8f,annoyance.courses,available,,,high,low,9,,,,
1a099cef-6ced-4513-bf6e-b8c742038dd4,boom.courses,premium,625,,high,medium,4,name.com,,,
bb83e0d7-05d4-4e39-bd10-6e6f44d0d9e7,extend.courses,available,2.19,38.99,high,low,6,namesilo,,,
935b313d-49eb-4555-b679-f09b2b9665a5,eating.courses,premium,242,242,high,low,6,namesilo,,,08/09/2026 13:35
3cdb1bb5-ed73-4d0c-883b-65122747ce38,dwelling.courses,available,2.19,38.99,high,low,8,namesilo,,,
86e21ffd-6107-456b-97fa-52190c1b7111,beaten.courses,available,1.98,50.98,medium,low,6,namecheap,,,09/08/2026 05:47
625736cb-d1c2-4650-b39b-815d284338d6,anhydrous.courses,available,1.98,50.98,medium,low,9,namecheap,,,
0a3ca5ce-2654-4049-9958-7e5f4ead8d9a,the.courses,premium,625,,high,medium,3,name.com,,,
b73a3f33-c17d-4b05-a93a-a94b99d8aa7e,aerie.courses,available,1.98,50.98,high,medium,5,namecheap,,,
e823dfa4-a875-4d4f-ac7d-f77764012123,athletics.courses,premium,6500,6500,high,medium,9,namecheap,,,
09a934ab-1765-440e-8b0c-60c98e4265e4,affiliation.courses,available,2.19,38.99,high,low,11,namesilo,,,
53d04d46-385f-4c4b-9139-10bf8e05b8a6,grass.courses,available,2.19,38.99,high,low,5,namesilo,,,
1c28c62f-05d9-4fd7-99b5-00bfc2a85cbd,plastic.courses,premium,116,116,high,low,7,namesilo,,,
b4c7d8fb-10b0-4966-8fdb-d452e49d219b,largely.courses,available,49.99,,medium,low,7,name.com,,,
27d33fe3-f52d-4041-a69c-69cc5c4f717c,paunchy.courses,available,1.98,50.98,medium,low,7,namecheap,,,
ed6fed75-a89e-47ba-a39f-17b86938f3de,ascensive.courses,available,1.98,50.98,medium,low,9,namecheap,,,07/08/2026 00:46
18c9bcdb-6785-40ef-a0ba-1a3f2537b060,mobile.courses,premium,1107,1107,high,medium,6,namesilo,,,
73a4c985-3acd-4bd8-a9dd-c4b027112d94,yeasty.courses,available,1.98,50.98,medium,low,6,namecheap,,,08/08/2026 19:56
e4996d09-d13a-481d-858a-255f9c998f89,committing.courses,available,2.19,38.99,high,low,10,namesilo,,,
6d46b062-06fa-46ed-91a6-23692b749013,foot.courses,available,49.99,,high,low,4,name.com,,,
8aca083d-4404-4688-a915-cfe10df9edf4,take.courses,available,2.19,38.99,high,low,4,namesilo,,,
70cb1404-8550-460f-92a4-affedb5b3f3b,commentate.courses,available,2.19,38.99,high,low,10,namesilo,,,
ff60a9b2-f13b-4e36-968c-db62bef3f038,cooking.courses,available,,,high,low,7,,,,
95cfbb98-c798-407c-8ef0-525e23531d57,intelligent.courses,premium,625,,high,low,11,name.com,,,
1ab86eb6-399d-4dd9-925c-8b119cf67475,slim.courses,available,2.19,38.99,high,low,4,namesilo,,,
a5764091-fb4b-4838-8016-2441b1d79797,interpersonal.courses,available,2.19,38.99,high,low,13,namesilo,,,
97145d6c-73f0-40e8-a573-4eff9ad6be64,career.courses,premium,625,,high,low,6,name.com,,,
c13660c2-f9c5-492a-affa-084c659bd502,initially.courses,available,2.19,38.99,high,low,9,namesilo,,,
e72f6cc8-5ef7-4872-9072-0529146b583f,must.courses,available,2.19,38.99,high,low,4,namesilo,,,
c8f3ad5e-4e22-4f3a-9cd4-a832e10c91ad,alacritous.courses,available,1.98,50.98,medium,low,10,namecheap,,,
4db66810-6bb3-4b69-b9e4-f3a5fae03fdf,acetous.courses,available,1.98,50.98,medium,low,7,namecheap,,,
59a7e187-d2c9-40d4-9162-9b49202d1bb9,saint.courses,available,2.19,38.99,high,low,5,namesilo,,,
87f818a1-da57-4cab-a1e7-16a7c8ea0d93,description.courses,available,2.19,38.99,high,low,11,namesilo,,,
758e4cba-93f3-4061-aafb-d0272c08f394,rhianna.courses,available,2.19,38.99,high,low,7,namesilo,,,
42a025b5-e495-4884-89b3-ccd057000cc6,leadership.courses,available,,,high,low,10,,,,
ee14a053-9863-4da3-aad2-0ba3b606834b,anionic.courses,available,1.98,50.98,medium,low,7,namecheap,,,
0fc41580-f9d9-4ae8-9a28-6f8e97bcc24c,nitrous.courses,available,1.98,50.98,high,low,7,namecheap,,,08/08/2026 03:03
acb11147-9b9a-491a-bf96-88a14f132d18,confetti.courses,available,2.19,38.99,high,low,8,namesilo,,,
bea2eb65-cdfd-4417-a9d9-b109ac3735f8,toothcare.courses,available,49.99,,medium,low,9,name.com,,,
d49fa302-c94e-46f9-bcba-6d9860cd6932,microsoft.courses,available,,,high,low,9,,,,
7693a0bd-5dd0-4921-bbe6-95d2f2c7ef7b,mental.courses,available,1.98,50.98,high,low,6,namecheap,,,08/09/2026 12:21
ce386b35-081d-430a-b9fa-ed1322ccb833,bahamian.courses,available,1.98,50.98,medium,low,8,namecheap,,,08/08/2026 08:31
c3c19cad-99c6-4135-beb2-8229e760f115,aids.courses,available,2.19,38.99,high,low,4,namesilo,,,
7b7f7bb8-751f-47ea-8c62-f93ab7684973,ennead.courses,available,1.98,50.98,medium,low,6,namecheap,,,
62fdb096-074a-428f-a864-095b6bb4daeb,anamorphic.courses,available,1.98,50.98,medium,low,10,namecheap,,,
5d5f3dce-ac20-4f98-9a69-ddd9c654992a,rushed.courses,available,49.99,,high,low,6,name.com,,,
0839da35-c3c9-46a0-ae97-33b2487e9f3a,fee.courses,premium,625,,high,low,3,name.com,,,
c84a3452-66bf-41b1-840c-91c4a29b5a7c,packed.courses,available,2.19,38.99,high,low,6,namesilo,,,
c7e1c1c7-debf-4856-a3b9-a12a53d9edad,avid.courses,available,1.98,50.98,high,low,4,namecheap,,,07/08/2026 23:21
3bddcd37-ec80-43dd-8d88-cbef7167ff56,promoter.courses,available,2.19,38.99,high,low,8,namesilo,,,
0c60cf02-0327-4e11-8129-bf4de18a8f78,supra.courses,available,1.98,50.98,high,low,5,namecheap,,,
908e8fc3-b44a-4be1-9d5e-99520cd75dd0,masses.courses,available,2.19,38.99,high,low,6,namesilo,,,
ceffc167-b07e-485d-a666-430d92c69da9,idle.courses,available,1.98,50.98,high,low,4,namecheap,,,08/08/2026 21:52
2bbb5010-b8df-4828-a458-94cf8a8c698c,magical.courses,premium,116,116,high,low,7,namesilo,,,
2ad6e6d6-b31b-4f37-8d59-53ff0077cb4a,restricted.courses,available,49.99,,high,low,10,name.com,,,
fa5770ce-5b52-4159-93bd-44dbb72dc2e1,mirror.courses,premium,125,,high,low,6,name.com,,,
74a82610-a636-4720-9e5e-eaf6a0e0be21,revolved.courses,available,49.99,,high,low,8,name.com,,,
1c09ec9e-71ce-49c3-9be2-646e2a0dbc54,serve.courses,available,2.19,38.99,high,low,5,namesilo,,,
a89c2871-cbf1-431f-a4a5-02a05ff64887,milk.courses,available,49.99,,high,low,4,name.com,,,
11587f2a-d8e3-4db6-95ee-a3eef8e6ddee,vent.courses,available,2.19,38.99,high,low,4,namesilo,,,
0aaf0a04-7df1-435e-b575-914720e0b1cf,raccoon.courses,available,2.19,38.99,high,low,7,namesilo,,,
8eb80d6f-573f-42cf-8cd5-31be4b4b6105,archetypal.courses,available,1.98,50.98,high,low,10,namecheap,,,06/08/2026 15:32
3825138d-7b0c-48d8-bc10-764a964bcde3,challenging.courses,available,2.19,38.99,high,low,11,namesilo,,,
032ffb52-cef5-4e24-b73f-99f9ee0a317f,net.courses,premium,625,,high,medium,3,name.com,,,
a5dcd37b-539d-4c29-9997-debb5145f2fb,era.courses,premium,625,,high,medium,3,name.com,,,
c3342f3e-94cc-4d46-822f-29229e8fb964,opt.courses,premium,625,,high,low,3,name.com,,,
1f191395-8aa6-43c0-ad73-e20aec7bcaca,manual.courses,available,2.19,38.99,high,low,6,namesilo,,,
d32e9dbb-7f1d-40c6-8127-1595e4d85e28,respected.courses,available,2.19,38.99,high,low,9,namesilo,,,
92e54e6f-b34d-4e3f-ac24-92e60853c070,peel.courses,available,2.19,38.99,high,low,4,namesilo,,,
1c78b6d3-b920-4e7b-8250-73be635bb283,president.courses,premium,116,116,high,low,9,namesilo,,,
fd240599-adbd-4f15-be11-d9cec1aafb77,appearance.courses,available,1.98,50.98,high,low,10,namecheap,,,08/09/2026 12:55
a33169c4-a599-450e-acc8-ff1e99165f5c,affectionate.courses,available,49.99,,high,low,12,name.com,,,
9015d507-72e2-462b-a89c-12e0c11860b6,tentative.courses,available,2.19,38.99,high,low,9,namesilo,,,
a7cdf958-0265-4364-8cf7-a9370b39a0fd,resignation.courses,available,49.99,,high,low,11,name.com,,,
2654906a-3edc-4cb0-be6c-75a41853867d,devotion.courses,available,2.19,38.99,high,low,8,namesilo,,,
57de4b9a-a868-4eab-9d59-4478f70929de,discerning.courses,available,1.98,50.98,high,low,10,namecheap,,,06/08/2026 08:23
178a61c9-c6c7-4bd7-b076-cf05358a37b8,goods.courses,premium,650,650,high,low,5,namecheap,,,
d4c6a02d-64de-499d-b13d-eb3a676b6ba1,size.courses,available,2.19,38.99,high,low,4,namesilo,,,
097e6ba1-61e1-4d3f-827f-3854c6a4e442,shoe.courses,premium,125,,high,low,4,name.com,,,
e81700a1-d3ff-42c6-8ed8-8409e1475068,peeled.courses,available,1.98,50.98,medium,low,6,namecheap,,,08/08/2026 18:24
bdca7007-d08a-451f-a717-2194ecfe0b7c,dandy.courses,available,1.98,50.98,high,low,5,namecheap,,,08/08/2026 12:30
46684401-87bb-42a2-8728-ef31f5fecadd,alienate.courses,available,1.98,50.98,medium,low,8,namecheap,,,
d5edf709-3f7e-47b9-b0d5-5fae0eca1858,sing.courses,available,2.19,38.99,high,low,4,namesilo,,,
fe84105a-2faa-4d68-af9e-563e40548fed,credible.courses,available,1.98,50.98,high,low,8,namecheap,,,09/08/2026 12:56
9e5d4177-0a39-4bed-9f68-33bb5ff65746,divine.courses,available,1.98,50.98,high,low,6,namecheap,,,
eafdf778-d472-4a0a-b9a6-977a45c44a37,duracell.courses,available,49.99,,high,low,8,name.com,,,
7cbfe292-c0fb-4ec8-8c17-a8f3ce10355d,discomfort.courses,available,2.19,38.99,high,low,10,namesilo,,,
a6660ec4-77ad-479e-b756-b2b6893dd246,shortfall.courses,available,2.19,38.99,high,low,9,namesilo,,,
c4cd8979-b55d-4064-9ae0-a493b056b3cf,baseless.courses,available,1.98,50.98,medium,low,8,namecheap,,,08/08/2026 21:44
6d2b2253-d286-4fa5-af87-13a64b4734fc,solely.courses,available,1.98,50.98,high,low,6,namecheap,,,
ea72e64e-66dd-4c16-84be-3cc6add15632,already.courses,available,2.19,38.99,high,low,7,namesilo,,,
f3bb3816-fdc3-46c7-a615-d9b10aea6575,appointive.courses,available,1.98,50.98,medium,low,10,namecheap,,,06/08/2026 07:16
04a4ab48-1709-4bce-9595-4dee4b3a9cf6,anaemia.courses,available,2.19,38.99,medium,low,7,namesilo,,,
7be60b2c-7d2a-4fed-b0ce-458373ed1ee0,polythene.courses,available,2.19,38.99,high,low,9,namesilo,,,
d57f928a-754f-40f8-a8f1-93474631b363,facing.courses,premium,116,116,high,low,6,namesilo,,,
b73a4702-006a-4644-82b2-10b357263766,fiber.courses,available,2.19,38.99,high,low,5,namesilo,,,
53691c13-4ab5-4a7e-8027-50a3c15fab13,kangeroo.courses,available,2.19,38.99,high,low,8,namesilo,,,
f1295a35-51f2-40ac-a5a3-650ed725abf7,husky.courses,available,1.98,50.98,high,medium,5,namecheap,,,09/08/2026 07:59
b93381ba-3547-4b2d-b529-01780fd8d430,nassau.courses,premium,116,116,high,low,6,namesilo,,,
9ad96efe-3d06-482d-9814-524e032cdba3,hardworking.courses,available,2.19,38.99,high,low,11,namesilo,,,
6e2d7b2f-b0bb-4bb1-8f49-632684d447e3,marketplace.courses,premium,625,,high,medium,11,name.com,,,
0841a4b5-a957-4ef1-83fa-8e6ab30524e5,antioxidant.courses,available,2.19,38.99,high,low,11,namesilo,,,
3b6bfdf4-c5fd-40b0-840c-a2db451c9c13,destructive.courses,available,49.99,,medium,low,11,name.com,,,
db8670e9-a554-4693-af11-4a472815ebfb,atp.courses,premium,625,,high,low,3,name.com,,,
e45b90ca-f305-482a-a985-f5e0fa94b73f,amort.courses,available,1.98,50.98,medium,low,5,namecheap,,,
1a014179-3346-4bc5-9193-6b2f14905b01,liam.courses,available,2.19,38.99,high,low,4,namesilo,,,
75ead484-e2a9-4a4e-8a64-c300f6e9b40e,packing.courses,available,2.19,38.99,high,low,7,namesilo,,,
0bead2e6-7b6b-417f-b8bc-a65009bf2f18,union.courses,premium,116,116,high,low,5,namesilo,,,
ce9a3ee9-50aa-43ae-a083-dc616b59c5be,westwood.courses,available,2.19,38.99,high,low,8,namesilo,,,
891b9f5d-16e1-4a06-b34c-9e0f170b41a1,despite.courses,available,2.19,38.99,high,low,7,namesilo,,,
b02c1a25-e8ad-488b-85f1-d39247dd761e,itchy.courses,premium,125,125,high,low,5,name.com,,,05/08/2026 20:43
786d1d4c-d0cf-4c17-80cb-5d4421c986f6,dji.courses,premium,625,,high,low,3,name.com,,,
89399209-c159-495c-8c28-9831c26e3306,warranty.courses,premium,125,,high,low,8,name.com,,,
e5e646f2-c477-4380-b759-81274af304fe,alligator.courses,available,2.19,38.99,high,low,9,namesilo,,,
446caef5-0808-4477-a70c-b26445d6ec4a,didnt.courses,available,2.19,38.99,medium,low,5,namesilo,,,
e369939d-dceb-454f-a5dd-2adc7bd4c427,playacting.courses,available,1.98,50.98,medium,low,10,namecheap,,,
a0649e4b-522c-4a67-9a97-26faad2c9429,stopped.courses,available,2.19,38.99,high,low,7,namesilo,,,
eb668beb-3d80-4b0d-b415-89f8a4fc7bab,trolling.courses,available,2.19,38.99,high,low,8,namesilo,,,
dcda2079-3861-47a3-b1d5-84cbcd39e84d,bullet.courses,available,2.19,38.99,high,low,6,namesilo,,,
c415a524-6322-453a-a8d2-c76cebf6e093,supporting.courses,available,2.19,38.99,high,low,10,namesilo,,,
5c855f61-d14a-4c8a-91dc-c7dae8b7671b,performs.courses,available,49.99,,medium,low,8,name.com,,,
54c5ff28-f192-4d23-9ab8-7842cccc01d7,profitable.courses,available,2.19,38.99,high,low,10,namesilo,,,
fa6c47b2-be6b-48a9-90ef-4e46f5dd99a3,details.courses,available,2.19,38.99,high,low,7,namesilo,,,
1e6eeee3-78e1-4a8f-a16f-af5628b06dbb,repeated.courses,available,2.19,38.99,high,low,8,namesilo,,,
db2b7101-207c-41ca-bb7e-1184809bafae,vacuous.courses,available,1.98,50.98,low,low,7,namecheap,,,07/08/2026 02:52
da32238e-6f62-4e12-b9b0-e949bdb88cea,disney.courses,premium,242,242,high,high,6,namesilo,,,
b2d1fadb-e768-4a4c-9348-54bffc6169b6,tuesday.courses,premium,116,116,high,low,7,namesilo,,,
74f350ab-343f-484e-bd70-4fe4df00cb23,afferent.courses,available,1.98,50.98,high,low,8,namecheap,,,
7683b8ac-c0f6-4e73-89d4-ada5bb7249ce,posting.courses,available,2.19,38.99,high,low,7,namesilo,,,
f3990892-0151-497a-b7e7-d80aff7b2982,stubborn.courses,available,2.19,38.99,high,low,8,namesilo,,,
346bba92-75c0-4625-90b0-3ffba4aa91cd,fictitious.courses,available,1.98,50.98,medium,low,10,namecheap,,,07/08/2026 07:50
cef11780-5c23-4da6-9092-9cfe08b25b81,greedy.courses,available,1.98,50.98,high,low,6,namecheap,,,07/08/2026 22:09
3773b0a3-b51e-4183-9823-74e5c1c95957,impressed.courses,available,2.19,38.99,high,low,9,namesilo,,,
b632ea59-23df-4037-bc54-83dc5c1e8053,animistic.courses,available,1.98,50.98,medium,low,9,namecheap,,,
4e6ad2b0-0214-4a4e-80e1-a4fc8af64ac5,pub.courses,premium,625,,high,low,3,name.com,,,
d0036b0d-b54e-4f43-89ab-bbc14aa07520,problem.courses,available,2.19,38.99,high,low,7,namesilo,,,
ec63cb11-1303-481b-9444-0a1b4947ddfe,alight.courses,available,1.98,50.98,high,low,6,namecheap,,,
03370452-6ff0-4ca6-859a-5d0dd5da9491,constructive.courses,available,49.99,,high,low,12,name.com,,,
95f90666-f0ca-4745-b77c-b887ef561161,grown.courses,premium,116,116,high,low,5,namesilo,,,08/09/2026 15:16
fe15c743-feac-4daf-b2fb-f4fb182210e4,alloyed.courses,available,1.98,50.98,high,low,7,namecheap,,,
9b50b763-d97a-4547-9cfe-85564dae01df,lacking.courses,available,2.19,38.99,high,low,7,namesilo,,,
195503a7-afac-4639-b441-ce4a60522210,pay.courses,premium,625,,high,medium,3,name.com,,,
56e2c342-41d5-490d-9af5-3f2f2463771c,adobe.courses,premium,625,,high,high,5,name.com,,,
bef2bbd0-3332-4752-80d9-d9d36f19e564,chambers.courses,available,1.98,50.98,high,low,8,namecheap,,,08/09/2026 06:47
20698d1c-fba8-4ae3-b2cb-d9e93fe22b50,during.courses,available,2.19,38.99,high,low,6,namesilo,,,
a8e6cf45-bfce-48ca-9158-26d5d5ddeb0a,outlander.courses,available,1.98,50.98,high,low,9,namecheap,,,
dd6dbd56-67ad-4a77-9b0e-e37b00c1736e,argentic.courses,available,1.98,50.98,medium,low,8,namecheap,,,06/08/2026 18:06
3051c0b6-edc3-4e8a-be54-f68074e8e97a,seemly.courses,available,1.98,50.98,medium,low,6,namecheap,,,09/08/2026 06:27
9d755940-a947-4710-ae57-8af512b263ef,prickly.courses,premium,116,116,high,low,7,namesilo,,,08/08/2026 17:34
71452e46-88a4-41c6-976d-b9ad4c3e4e9e,uncomplicated.courses,available,49.99,,high,low,13,name.com,,,
f2e5eb00-2c79-418b-acd3-bb4f9e1fc7f6,technicality.courses,available,2.19,38.99,high,low,12,namesilo,,,
d922f8a6-fcda-4862-9b47-4e8c8b53605c,nephew.courses,available,2.19,38.99,high,low,6,namesilo,,,
d5b89beb-0cb2-4e99-8c7c-a7681b04a1cb,annelidan.courses,available,1.98,50.98,medium,low,9,namecheap,,,
263e6379-499b-453c-aeb1-f01d3296ee17,rump.courses,available,1.98,50.98,medium,low,4,namecheap,,,09/08/2026 11:28
1e8bf7dc-abe4-4285-a5c7-320159df56c6,spray.courses,available,2.19,38.99,high,low,5,namesilo,,,
0e9b88f3-0644-4984-9f15-39ba1a1707a0,environmental.courses,resell,,,high,low,13,"NameCheap, Inc.",07/02/2024 14:17,07/02/2027 14:17,
12e28366-3398-4e59-852a-73527a85a183,amyloid.courses,available,1.98,50.98,medium,low,7,namecheap,,,
fee4b07a-3c24-4d3c-ad95-1ed44588f523,allusive.courses,available,1.98,50.98,high,low,8,namecheap,,,
1d3f3926-f7e3-4059-b42b-de3dae0fefa4,humans.courses,available,2.19,38.99,high,medium,6,namesilo,,,
b9ccd5c1-f71f-4879-8be5-5c72c9959d23,watt.courses,available,2.19,38.99,high,low,4,namesilo,,,
245f045e-b988-41a6-893b-4db887fd248d,overall.courses,available,2.19,38.99,high,low,7,namesilo,,,
922315bb-e011-4830-bc84-ecb7aee2a9f3,watch.courses,premium,625,,high,low,5,name.com,,,
f1e7499b-c49d-4c59-8100-3b4077e7a105,examine.courses,available,2.19,38.99,high,low,7,namesilo,,,
88c5011f-6201-46c0-b361-90e7716c9845,mothafucka.courses,available,2.19,38.99,medium,low,10,namesilo,,,
45f0f4ec-fd57-4b27-b54e-63fc99173cc3,lxxxi.courses,available,1.98,50.98,medium,low,5,namecheap,,,
8674af07-fda0-4ee3-a788-aaf495cd2e60,voter.courses,premium,116,116,high,low,5,namesilo,,,
1bc9c800-a40f-4b18-896e-f5677b486c12,roundabout.courses,available,1.98,50.98,medium,low,11,namecheap,,,12/08/2026 08:20
6b5d8f7d-df7a-43fe-9724-8c5081f1c827,missile.courses,available,2.19,38.99,high,low,7,namesilo,,,
ab0005f2-82dc-4435-8eab-bb96dd423987,living.courses,premium,116,116,high,low,6,namesilo,,,
86583094-4478-41a2-9d56-8c7d4870a982,constantly.courses,available,2.19,38.99,high,low,10,namesilo,,,
41c622d9-3fb5-4584-bbad-f22750abcf4f,angel.courses,available,43.99,,high,medium,5,name.com,,,
53f26666-3354-458c-90f2-7e3db45fc467,premium.courses,premium,1107,1107,high,low,7,namesilo,,,
bf283e2c-caf1-4eb7-9529-6fd442f46dda,adventive.courses,available,1.98,50.98,medium,low,9,namecheap,,,
83b3fa71-af2c-42d7-92d8-fcb1fb9605e9,sequel.courses,available,2.19,38.99,high,low,6,namesilo,,,
756d6723-9c34-497e-943a-67e043592846,omniscient.courses,available,1.98,50.98,high,low,10,namecheap,,,
3a4fc099-7665-445f-b4e0-f6110f881005,preserved.courses,available,2.19,38.99,high,low,9,namesilo,,,
e9e0139c-a7a9-4533-8e64-7912b5654d19,confuse.courses,available,2.19,38.99,high,low,7,namesilo,,,
835a6476-29e0-4feb-9759-785179ec504d,francisca.courses,available,49.99,,high,low,9,name.com,,,
af152b7e-aa86-4ed3-963a-65a92c84ffd8,fraud.courses,available,2.19,38.99,high,low,5,namesilo,,,
457d1a1d-0d67-488a-9461-568c7cd83e59,coefficient.courses,available,49.99,,high,low,11,name.com,,,
baff0666-cb45-4340-92c8-c883a4cfe53b,haywire.courses,available,1.98,50.98,high,low,7,namecheap,,,
4348049d-2cb2-4dd9-8dad-eba046c3c64a,spanish.courses,premium,625,,high,low,7,name.com,,,
21f3140f-a693-42cf-8697-4616653c74d7,laundry.courses,available,2.19,38.99,high,low,7,namesilo,,,
265cf393-f7ac-4406-a2a2-36e61e5bbd5d,cognisant.courses,available,1.98,50.98,medium,low,9,namecheap,,,08/08/2026 00:18
fca57e3d-3321-44a5-b7a2-ffd7ce5a20a3,experimentally.courses,available,2.19,38.99,medium,low,14,namesilo,,,
53661370-a0be-4851-9f45-a55b2b43dbd9,ultimately.courses,available,2.19,38.99,high,low,10,namesilo,,,
10bc1779-054a-45b7-b880-7215497fe72e,beheaded.courses,available,1.98,50.98,medium,low,8,namecheap,,,09/08/2026 10:21
4d629c22-e008-4997-a14c-4f514574b205,sweat.courses,available,2.19,38.99,high,low,5,namesilo,,,
2fc8c9e6-69dc-43b5-93f7-a61018c19d20,hey.courses,premium,625,,high,medium,3,name.com,,,
bc2c4d0c-84d3-49bc-a10f-8fe7d4c981c6,accusive.courses,available,1.98,50.98,low,low,8,namecheap,,,
26c4e21f-ea73-4d94-97ae-5e90f4cee032,nurse.courses,premium,242,242,high,low,5,namesilo,,,
56346489-6991-431f-9af0-ecc0a8b0b3da,more.courses,premium,625,,high,medium,4,name.com,,,
7138e8df-7421-4b91-8299-ffb89b589099,chagrined.courses,available,1.98,50.98,medium,low,9,namecheap,,,
d50b5442-0827-4e04-aab6-7024b216bb32,conference.courses,available,2.19,38.99,high,low,10,namesilo,,,
f7736104-d826-4737-a4f1-8e6fac1784e9,grey.courses,available,1.98,50.98,high,low,4,namecheap,,,08/09/2026 07:08
53c54202-6a68-48d3-84ca-4b0346104c25,refrigerator.courses,available,2.19,38.99,high,low,12,namesilo,,,
5199db5e-00ba-47fc-b114-e31d5dfd34e2,period.courses,available,2.19,38.99,high,low,6,namesilo,,,
0e9404b9-9c6c-4e64-8776-eac779640b3d,jacket.courses,available,49.99,,high,low,6,name.com,,,
90627017-4949-416f-958f-b77f377bea00,dismayed.courses,available,1.98,50.98,medium,low,8,namecheap,,,
8c2be668-e6b2-4676-9e0d-97e2e86b1357,lopsided.courses,available,1.98,50.98,medium,low,8,namecheap,,,07/08/2026 03:41
e278fd7d-e350-473a-b982-4632c11ffd7e,judgement.courses,premium,116,116,high,low,9,namesilo,,,
6c7c1dd8-3d72-48c2-aa3a-00c050be9c4f,wear.courses,available,2.19,38.99,high,low,4,namesilo,,,
ac08be0b-868d-44e0-aba0-d1dae26c7e7c,patrician.courses,available,1.98,50.98,medium,low,9,namecheap,,,06/08/2026 19:34
8b96dc33-7583-4899-b58b-46831ded9547,massive.courses,premium,116,116,high,low,7,namesilo,,,
5f31e272-d92e-4fc6-bcf5-7fcac01d1575,utterly.courses,available,2.19,38.99,high,low,7,namesilo,,,
8f7218e2-9fa4-4fff-91e3-358e1995661b,clv.courses,premium,625,625,high,low,3,name.com,,,
d9887617-1970-4a17-a20d-6c44b47b109a,inc.courses,premium,116,116,high,low,3,namesilo,,,
2bb19d85-3c05-44a3-a867-cc6960fef549,definitively.courses,available,2.19,38.99,medium,low,12,namesilo,,,
103d4781-d7c6-44c0-9d48-7d3275d36cfb,customize.courses,available,2.19,38.99,high,low,9,namesilo,,,
9ce2caef-f041-421b-9f47-9bf1ff8a6473,savage.courses,available,1.98,50.98,high,low,6,namecheap,,,08/08/2026 15:36
be3b20e5-ed57-40c2-a573-dc7bf6a06750,literally.courses,available,49.99,,high,low,9,name.com,,,
3c9d6c52-1b5f-4b57-85f7-e934640bad1d,marines.courses,available,49.99,,high,low,7,name.com,,,
eee27399-0b8a-40fc-8d03-8d0e598763f6,arced.courses,available,1.98,50.98,medium,low,5,namecheap,,,06/08/2026 14:28
62482574-349c-4357-9039-1e68e915de25,trounce.courses,available,1.99,49.99,medium,low,7,name.com,,,09/08/2026 05:27
d9bcd4af-0351-4f1a-90a6-451a685d9214,intercultural.courses,available,2.19,38.99,high,low,13,namesilo,,,